id,prob_VF,pred_label,true_label,confidence
0|1|gi|218561911|ref|YP_002343690.1|,0.24002967923879623,0,1.0,0.5199406415224075
0|1|gi|218562269|ref|YP_002344048.1|,0.6902958869934082,1,1.0,0.3805917739868163
0|1|gi|218563069|ref|YP_002344848.1|,0.9863247871398926,1,1.0,0.9726495742797852
0|1|gi|218563154|ref|YP_002344934.1|,0.8473136305809021,1,1.0,0.6946272611618043
0|1|gi|57237748|ref|YP_178996.1|,0.675153934955597,1,1.0,0.3503078699111939
0|1|gi|23502975|ref|NP_699102.1|,0.2370958149433136,0,1.0,0.5258083701133728
0|1|gi|161511156|ref|NP_539443.2|,0.6726208925247192,1,1.0,0.3452417850494385
0|1|gi|17986888|ref|NP_539522.1|,0.20257849544286727,0,1.0,0.5948430091142655
0|1|gi|161511181|ref|NP_541016.2|,0.14357458353042601,0,1.0,0.712850832939148
0|1|gi|17988494|ref|NP_541127.1|,0.9921568632125854,1,1.0,0.9843137264251709
0|1|gi|17988522|ref|NP_541155.1|,0.6967421650886536,1,1.0,0.3934843301773072
0|1|gi|17988645|ref|NP_541278.1|,0.9079440355300903,1,1.0,0.8158880710601806
0|1|gi|52842369|ref|YP_096168.1|,1.0,1,1.0,1.0
0|1|gi|53723092|ref|YP_112077.1|,0.42139169573783875,0,1.0,0.1572166085243225
0|1|gi|53718277|ref|YP_107263.1|,0.07863914407789707,0,1.0,0.8427217118442059
0|1|gi|117623583|ref|YP_852496.1|,0.9519522428512573,1,1.0,0.9039044857025147
0|1|gi|117623807|ref|YP_852720.1|,0.7635387182235718,1,1.0,0.5270774364471436
0|1|gi|26247644|ref|NP_753684.1|,0.280224047601223,0,1.0,0.439551904797554
0|1|gi|15799923|ref|NP_285935.1|,0.31821306645870207,0,1.0,0.36357386708259587
0|1|gi|15800120|ref|NP_286132.1|,0.3798721611499786,0,1.0,0.24025567770004275
0|1|gi|15803363|ref|NP_289396.1|,0.8529426693916321,1,1.0,0.7058853387832642
0|1|gi|15803653|ref|NP_289686.1|,0.42079584300518036,0,1.0,0.15840831398963928
0|1|gi|15804314|ref|NP_290353.1|,0.9803921580314636,1,1.0,0.9607843160629272
0|1|gi|15801929|ref|NP_287950.1|,0.8352410793304443,1,1.0,0.6704821586608887
0|1|gi|15802086|ref|NP_288108.1|,0.10014174729585648,0,1.0,0.7997165054082871
0|1|gi|15802515|ref|NP_288541.1|,0.5533870220184326,1,1.0,0.10677404403686519
0|1|gi|15601358|ref|NP_232989.1|,0.7473992705345154,1,1.0,0.49479854106903076
0|1|gi|15642451|ref|NP_232084.1|,0.9362122654914856,1,1.0,0.8724245309829712
0|1|gi|15642288|ref|NP_231921.1|,0.7163444042205811,1,1.0,0.4326888084411622
0|1|gi|15642289|ref|NP_231922.1|,0.3319716781377792,0,1.0,0.33605664372444155
0|1|gi|15642044|ref|NP_231676.1|,0.2820035874843597,0,1.0,0.43599282503128056
0|1|gi|15641719|ref|NP_231351.1|,0.8069555521011352,1,1.0,0.6139111042022705
0|1|gi|15640083|ref|NP_229710.1|,0.9051596522331238,1,1.0,0.8103193044662476
0|1|gi|15640064|ref|NP_229691.1|,0.7935426115989686,1,1.0,0.5870852231979371
0|1|gi|15640845|ref|NP_230476.1|,0.9912087917327881,1,1.0,0.9824175834655762
0|1|gi|15640885|ref|NP_230516.1|,0.8217811346054077,1,1.0,0.6435622692108154
0|1|gi|15640486|ref|NP_230113.1|,0.5254364788532258,1,1.0,0.050872957706451505
0|1|gi|15642502|ref|NP_232135.1|,0.8059287786483764,1,1.0,0.6118575572967528
0|1|gi|15642642|ref|NP_232275.1|,0.16586939692497255,0,1.0,0.6682612061500549
0|1|gi|15642655|ref|NP_232288.1|,0.866872251033783,1,1.0,0.7337445020675659
0|1|gi|32470173|ref|NP_863397.1|,0.8858914732933044,1,1.0,0.7717829465866088
0|1|gi|16273164|ref|NP_439401.1|,0.8130087733268738,1,1.0,0.6260175466537476
0|1|gi|16272836|ref|NP_439059.1|,0.8530041575431824,1,1.0,0.7060083150863647
0|1|gi|16272504|ref|NP_438718.1|,0.4101975530385971,0,1.0,0.17960489392280576
0|1|gi|38234575|ref|NP_940342.1|,0.9220657587051392,1,1.0,0.8441315174102784
0|1|gi|38232848|ref|NP_938615.1|,0.8316484928131104,1,1.0,0.6632969856262207
0|1|gi|33594402|ref|NP_882046.1|,0.6451587438583374,1,1.0,0.29031748771667476
0|1|gi|33594321|ref|NP_881965.1|,0.9747929215431214,1,1.0,0.9495858430862427
0|1|gi|33592931|ref|NP_880575.1|,1.0,1,1.0,1.0
0|1|gi|51593936|ref|YP_068503.1|,1.0,1,1.0,1.0
0|1|gi|123443285|ref|YP_001007259.1|,0.6649516344070434,1,1.0,0.3299032688140868
0|1|gi|123443287|ref|YP_001007261.1|,0.9857142806053162,1,1.0,0.9714285612106324
0|1|gi|15594444|ref|NP_212232.1|,0.127791565656662,0,1.0,0.744416868686676
0|1|gi|15594555|ref|NP_212344.1|,0.3123173236846924,0,1.0,0.3753653526306152
0|1|gi|15594613|ref|NP_212402.1|,0.29428480118513106,0,1.0,0.4114303976297379
0|1|gi|71402314|ref|XP_804086.1|,0.959465742111206,1,1.0,0.9189314842224121
0|1|gi|343407444|gb|AEM23729.1|,0.9770625233650208,1,1.0,0.9541250467300415
0|1|gi|50400802|sp|O00934.1|MYOA_TOXGO,0.8608569622039794,1,1.0,0.7217139244079589
0|1|gi|237840093|ref|XP_002369344.1|,0.9652978181838989,1,1.0,0.9305956363677979
0|1|gi|563627|emb|CAA85377.1|,0.9849056601524353,1,1.0,0.9698113203048706
0|1|gi|15603087|ref|NP_246159.1|,0.23072692304849624,0,1.0,0.5385461539030075
0|1|gi|70992013|ref|XP_750855.1|,0.9499704003334045,1,1.0,0.899940800666809
0|1|gi|70998032|ref|XP_753748.1|,0.9368510961532592,1,1.0,0.8737021923065185
0|1|gi|70984154|ref|XP_747596.1|,0.7966339945793152,1,1.0,0.5932679891586303
0|1|gi|260446899|emb|CBG76053.1|,0.9921568632125854,1,1.0,0.9843137264251709
0|1|gi|13702164|dbj|BAB43821.1|,0.9618509888648987,1,1.0,0.9237019777297975
0|1|gi|68487473|ref|XP_712435.1|,0.6328362166881562,1,1.0,0.2656724333763123
0|1|gi|68487455|ref|XP_712426.1|,0.9770625233650208,1,1.0,0.9541250467300415
0|1|gi|68470348|ref|XP_720678.1|,0.9617351055145263,1,1.0,0.9234702110290527
0|1|gi|68476229|ref|XP_717764.1|,0.9921568632125854,1,1.0,0.9843137264251709
0|1|gi|68481400|ref|XP_715339.1|,0.7457136273384094,1,1.0,0.4914272546768188
0|1|gi|68476703|ref|XP_717644.1|,0.9761144518852234,1,1.0,0.9522289037704468
0|1|gi|68477979|ref|XP_716993.1|,0.9617351055145263,1,1.0,0.9234702110290527
0|1|gi|68473896|ref|XP_719051.1|,1.0,1,1.0,1.0
0|1|gi|68469597|ref|XP_721050.1|,0.3946211814880371,0,1.0,0.2107576370239258
0|1|gi|68481871|ref|XP_715177.1|,0.32722649425268174,0,1.0,0.3455470114946365
0|1|gi|73622256|sp|Q6FPD4.1|ATG17_CANGA,1.0,1,1.0,1.0
0|1|gi|58266214|ref|XP_570263.1|,0.9921568632125854,1,1.0,0.9843137264251709
0|1|gi|58270488|ref|XP_572400.1|,0.9171817541122437,1,1.0,0.8343635082244873
0|1|gi|58265606|ref|XP_569959.1|,0.9712304472923279,1,1.0,0.9424608945846558
0|1|gi|58397459|gb|AAW72937.1|,1.0,1,1.0,1.0
0|1|gi|7546976|gb|AAF63734.1|AF230799_1,0.7207451105117798,1,1.0,0.4414902210235596
0|1|gi|58270514|ref|XP_572413.1|,1.0,1,1.0,1.0
0|1|gi|28974309|gb|AAO61669.1|,0.8227793037891388,1,1.0,0.6455586075782775
0|1|gi|74656036|sp|Q58Z64.1|DHH1_CRYNV,0.9568511009216308,1,1.0,0.9137022018432617
0|1|gi|48428174|sp|Q9RQG4.2|FSRB_ENTFA,0.4913114309310913,0,1.0,0.017377138137817383
0|1|gi|29375019|ref|NP_814172.1|,0.501759511232376,1,1.0,0.0035190224647521084
0|1|gi|29376338|ref|NP_815492.1|,0.19384505450725556,0,1.0,0.6123098909854889
0|1|gi|31544686|ref|NP_853264.1|,0.3046263962984085,0,1.0,0.39074720740318303
0|1|gi|206570298|gb|ACI12930.1|,0.9079440355300903,1,1.0,0.8158880710601806
0|1|gi|269203089|ref|YP_003282358.1|,0.4557323545217514,0,1.0,0.08853529095649715
0|1|gi|237831731|ref|XP_002365163.1|,0.5037865281105042,1,1.0,0.007573056221008345
0|1|gi|156501771|ref|YP_001427836.1|,0.679304039478302,1,1.0,0.35860807895660396
0|1|gi|9629403|ref|NP_044624.1|,0.7589672803878784,1,1.0,0.5179345607757568
0|1|gi|1478255|emb|CAA65905.1|,0.9617351055145263,1,1.0,0.9234702110290527
0|1|gi|66275848|ref|YP_232933.1|,0.8606591343879699,1,1.0,0.7213182687759399
0|1|gi|66275986|ref|YP_233071.1|,1.0,1,1.0,1.0
0|1|gi|137539|sp|P17362.1|C6_VACCW,0.932377302646637,1,1.0,0.864754605293274
0|1|gi|6969701|gb|AAF33913.1|,0.7356074094772339,1,1.0,0.4712148189544678
0|1|gi|9629828|ref|NP_045312.1|,0.9731409549713135,1,1.0,0.946281909942627
0|1|gi|9629393|ref|NP_044614.1|,0.9778711438179016,1,1.0,0.9557422876358033
0|1|gi|378556086|gb|AFC17871.1|,1.0,1,1.0,1.0
0|1|gi|57790936|ref|YP_182340.1|,0.9051596522331238,1,1.0,0.8103193044662476
0|1|gi|13559812|ref|NP_112024.1|,0.744284737110138,1,1.0,0.48856947422027597
0|1|gi|46310180|gb|AAS87364.1|,1.0,1,1.0,1.0
0|1|gi|9630842|ref|NP_047439.1|,0.9512304425239563,1,1.0,0.9024608850479126
0|1|gi|22164625|ref|NP_671536.1|,0.6948221087455749,1,1.0,0.38964421749114986
0|1|gi|125745114|ref|YP_001033993.1|,0.9882352948188782,1,1.0,0.9764705896377563
0|1|gi|73852947|ref|YP_308664.1|,0.8423076152801514,1,1.0,0.6846152305603028
0|1|gi|73852951|ref|YP_308666.1|,0.9262955546379089,1,1.0,0.8525911092758178
0|1|gi|68488657|ref|XP_711837.1|,0.9912087917327881,1,1.0,0.9824175834655762
0|1|CR_08510W_A|PGA13,1.0,1,1.0,1.0
0|1|gi|68464767|ref|XP_723461.1|,1.0,1,1.0,1.0
0|1|gi|237834147|ref|XP_002366371.1|,1.0,1,1.0,1.0
0|1|gi|527311405|gb|EPT28036.1|,1.0,1,1.0,1.0
0|1|gi|401427037|ref|XP_003878002.1|,0.9912087917327881,1,1.0,0.9824175834655762
0|1|gi|124513238|ref|XP_001349975.1|,0.945086395740509,1,1.0,0.890172791481018
0|1|gi|183236363|ref|XP_001914429.1|,0.9079440355300903,1,1.0,0.8158880710601806
0|1|gi|54293683|ref|YP_126098.1|,0.9618509888648987,1,1.0,0.9237019777297975
0|1|gi|398010638|ref|XP_003858516.1|,0.9651583671569824,1,1.0,0.9303167343139649
0|1|gi|37538307|sp|Q27003.2|GRA6_TOXGO,0.946756649017334,1,1.0,0.8935132980346681
0|1|gi|296280509|gb|ADH04606.1|,1.0,1,1.0,1.0
0|1|gi|799324461|ref|XP_012048657.1|,0.9803921580314636,1,1.0,0.9607843160629272
0|1|gi|799338496|ref|XP_012051688.1|,1.0,1,1.0,1.0
0|1|gi|799343669|ref|XP_012052816.1|,0.8510310173034668,1,1.0,0.7020620346069335
0|1|gi|58268754|ref|XP_571533.1|,0.7599661350250244,1,1.0,0.5199322700500488
0|1|gi|799346943|ref|XP_012053482.1|,0.968195104598999,1,1.0,0.9363902091979981
0|1|gi|799325851|ref|XP_012048907.1|,0.9617351055145263,1,1.0,0.9234702110290527
0|1|gi|799333617|ref|XP_012050615.1|,0.9863247871398926,1,1.0,0.9726495742797852
0|1|gi|799320505|ref|XP_012047847.1|,0.9921568632125854,1,1.0,0.9843137264251709
0|1|gi|799342196|ref|XP_012052462.1|,0.9450684428215027,1,1.0,0.8901368856430054
0|1|gi|799344608|ref|XP_012052960.1|,0.8842397093772888,1,1.0,0.7684794187545776
0|1|gi|799325943|ref|XP_012048930.1|,0.8236093401908875,1,1.0,0.647218680381775
0|1|gi|799326899|ref|XP_012049160.1|,1.0,1,1.0,1.0
0|1|gi|799338232|ref|XP_012051624.1|,0.8505419373512269,1,1.0,0.7010838747024537
0|1|VFG037232(gb|YP_001847230),0.8288835048675537,1,1.0,0.6577670097351074
0|1|VFG037400(gb|YP_001847243),0.7590847134590148,1,1.0,0.5181694269180297
0|1|VFG037573(gb|YP_001847077),0.3146121293306351,0,1.0,0.3707757413387298
0|1|VFG037625(gb|YP_001847073),0.9372214794158935,1,1.0,0.874442958831787
0|1|VFG037692(gb|YP_001847020),0.9513066053390503,1,1.0,0.9026132106781006
0|1|VFG038176(gb|YP_001847748),0.9745421290397644,1,1.0,0.9490842580795289
0|1|VFG038300(gb|YP_855109),0.9912087917327881,1,1.0,0.9824175834655762
0|1|VFG038312(gb|YP_855112),1.0,1,1.0,1.0
0|1|VFG038343(gb|YP_001144293),0.9144412517547608,1,1.0,0.8288825035095215
0|1|VFG038345(gb|YP_001144295),0.9745600819587708,1,1.0,0.9491201639175415
0|1|VFG038350(gb|YP_001144300),0.9803921580314636,1,1.0,0.9607843160629272
0|1|VFG038412(gb|YP_855054),0.9882352948188782,1,1.0,0.9764705896377563
0|1|VFG038475(gb|YP_855233),0.8134728789329528,1,1.0,0.6269457578659057
0|1|VFG038483(gb|YP_001140601),0.955623197555542,1,1.0,0.9112463951110841
0|1|VFG038496(gb|YP_858148),0.9912087917327881,1,1.0,0.9824175834655762
0|1|VFG038508(gb|YP_856000),0.29428480118513106,0,1.0,0.4114303976297379
0|1|VFG038520(gb|YP_855997),0.8516192436218262,1,1.0,0.7032384872436523
0|1|VFG038544(gb|YP_855991),0.9218329191207886,1,1.0,0.8436658382415771
0|1|VFG038567(gb|YP_854927),0.9794440865516663,1,1.0,0.9588881731033325
0|1|VFG038618(gb|YP_855202),0.9345324993133545,1,1.0,0.8690649986267089
0|1|VFG038634(gb|YP_855906),0.7049769163131714,1,1.0,0.4099538326263428
0|1|VFG038646(gb|YP_855909),0.9912087917327881,1,1.0,0.9824175834655762
0|1|VFG038650(gb|YP_855910),0.910080361366272,1,1.0,0.820160722732544
0|1|VFG038864(gb|YP_001140285),1.0,1,1.0,1.0
0|1|VFG038865(gb|YP_001140286),0.9921568632125854,1,1.0,0.9843137264251709
0|1|VFG038869(gb|YP_001140290),0.9606644034385681,1,1.0,0.9213288068771361
0|1|VFG038883(gb|YP_001140307),0.8095081329345704,1,1.0,0.6190162658691407
0|1|VFG043204(gb|YP_855930),0.8358510494232178,1,1.0,0.6717020988464355
0|1|VFG038922(gb|YP_504712),0.9569669842720032,1,1.0,0.9139339685440064
0|1|VFG000678(gb|AAD32426),0.7635787129402161,1,1.0,0.5271574258804321
0|1|VFG016270(gb|NP_978284),0.959465742111206,1,1.0,0.9189314842224121
0|1|VFG016306(gb|YP_016572),0.6229690432548523,1,1.0,0.2459380865097045
0|1|VFG002231(gb|YP_034051),0.8097333431243896,1,1.0,0.6194666862487792
0|1|VFG002236(gb|YP_034056),0.8025417327880859,1,1.0,0.6050834655761719
0|1|VFG002248(gb|YP_034069),0.9747929215431214,1,1.0,0.9495858430862427
0|1|VFG002255(gb|YP_034258),0.8702147603034973,1,1.0,0.7404295206069946
0|1|VFG000007(gb|NP_880572),1.0,1,1.0,1.0
0|1|VFG000014(gb|NP_882285),1.0,1,1.0,1.0
0|1|VFG000020(gb|NP_882291),0.8665173411369324,1,1.0,0.7330346822738647
0|1|VFG000038(gb|NP_878995),0.37921346724033356,0,1.0,0.24157306551933289
0|1|VFG000042(gb|NP_880882),0.9921568632125854,1,1.0,0.9843137264251709
0|1|VFG000054(gb|NP_880894),0.5124101370573044,1,1.0,0.024820274114608853
0|1|VFG000057(gb|NP_880897),0.9688997030258178,1,1.0,0.9377994060516357
0|1|VFG000060(gb|NP_880900),1.0,1,1.0,1.0
0|1|VFG000067(gb|NP_880907),1.0,1,1.0,1.0
0|1|VFG011087(gb|NP_879352),0.9912087917327881,1,1.0,0.9824175834655762
0|1|VFG002210(gb|NP_541004),0.9569669842720032,1,1.0,0.9139339685440064
0|1|VFG011404(gb|NP_539750),0.8738480567932129,1,1.0,0.7476961135864257
0|1|VFG011430(gb|NP_540392),0.7089855074882507,1,1.0,0.41797101497650146
0|1|VFG011439(gb|NP_540129),0.13032079283148051,0,1.0,0.739358414337039
0|1|VFG011444(gb|NP_539915),0.2916159048676491,0,1.0,0.4167681902647018
0|1|VFG011453(gb|NP_540310),0.7470643997192383,1,1.0,0.49412879943847665
0|1|VFG011510(gb|NP_539426),0.46994951367378235,0,1.0,0.0601009726524353
0|1|VFG045465(gb|NP_540591),0.5192553520202636,1,1.0,0.038510704040527255
0|1|VFG002434(gb|YP_111608),1.0,1,1.0,1.0
0|1|VFG002451(gb|YP_111539),0.9745421290397644,1,1.0,0.9490842580795289
0|1|VFG002462(gb|YP_111550),1.0,1,1.0,1.0
0|1|VFG002465(gb|YP_111553),1.0,1,1.0,1.0
0|1|VFG002468(gb|YP_111556),0.7731868028640747,1,1.0,0.5463736057281494
0|1|VFG002473(gb|YP_111522),0.9754902005195618,1,1.0,0.9509804010391236
0|1|VFG002482(gb|YP_111511),0.6941019773483277,1,1.0,0.38820395469665536
0|1|VFG002485(gb|YP_111514),0.289535890519619,0,1.0,0.42092821896076205
0|1|VFG002489(gb|YP_111518),0.9014135599136353,1,1.0,0.8028271198272705
0|1|VFG002503(gb|YP_106859),0.9696581244468689,1,1.0,0.9393162488937379
0|1|VFG002515(gb|YP_106904),0.8954354166984558,1,1.0,0.7908708333969117
0|1|VFG002528(gb|YP_109899),0.793282413482666,1,1.0,0.5865648269653321
0|1|VFG002529(gb|YP_109900),1.0,1,1.0,1.0
0|1|VFG002531(gb|YP_109902),1.0,1,1.0,1.0
0|1|VFG002543(gb|YP_110332),0.9218329191207886,1,1.0,0.8436658382415771
0|1|VFG002549(gb|YP_109385),0.715083634853363,1,1.0,0.43016726970672603
0|1|VFG002550(gb|YP_109386),0.003846153989434242,0,1.0,0.9923076920211316
0|1|VFG002557(gb|YP_109393),0.27496100068092344,0,1.0,0.4500779986381531
0|1|VFG045467(gb|YP_107884),0.9091662526130676,1,1.0,0.8183325052261352
0|1|VFG001899(gb|NP_281511),0.9460530519485474,1,1.0,0.8921061038970948
0|1|VFG001908(gb|NP_281731),0.8608569622039794,1,1.0,0.7217139244079589
0|1|VFG001929(gb|NP_282802),0.9391836643218994,1,1.0,0.8783673286437987
0|1|VFG001959(gb|NP_282572),0.867029869556427,1,1.0,0.734059739112854
0|1|VFG001974(gb|NP_282587),0.7113617300987244,1,1.0,0.4227234601974488
0|1|VFG001976(gb|YP_980060),0.9274932980537415,1,1.0,0.854986596107483
0|1|VFG001978(gb|YP_980062),0.9863247871398926,1,1.0,0.9726495742797852
0|1|VFG001979(gb|NP_863302),0.6839205980300903,1,1.0,0.3678411960601806
0|1|VFG002134(gb|NP_220091),0.7367770314216614,1,1.0,0.4735540628433228
0|1|VFG002140(gb|NP_220184),0.9745421290397644,1,1.0,0.9490842580795289
0|1|VFG002141(gb|NP_220185),0.9912087917327881,1,1.0,0.9824175834655762
0|1|VFG016998(gb|NP_220368),1.0,1,1.0,1.0
0|1|VFG002276(gb|NP_561089),0.8375581264495849,1,1.0,0.6751162528991699
0|1|VFG002278(gb|NP_561797),0.3204987034201622,0,1.0,0.35900259315967564
0|1|VFG002284(gb|NP_561469),0.8025832653045655,1,1.0,0.605166530609131
0|1|VFG002202(gb|NP_938626),0.9466554403305054,1,1.0,0.8933108806610108
0|1|VFG013682(gb|NP_940531),0.8182020545005798,1,1.0,0.6364041090011596
0|1|VFG039101(gb|NP_819363),0.7613224983215332,1,1.0,0.5226449966430664
0|1|VFG039171(gb|YP_002333017),0.9616013169288635,1,1.0,0.923202633857727
0|1|VFG039186(gb|NP_820625),1.0,1,1.0,1.0
0|1|VFG039236(gb|NP_819115),1.0,1,1.0,1.0
0|1|VFG039274(gb|NP_819247),0.7828033685684204,1,1.0,0.5656067371368407
0|1|VFG039311(gb|NP_819427),1.0,1,1.0,1.0
0|1|VFG039345(gb|NP_819620),0.7170815467834473,1,1.0,0.43416309356689453
0|1|VFG039356(gb|NP_819665),1.0,1,1.0,1.0
0|1|VFG039413(gb|YP_001424395),0.9563782691955567,1,1.0,0.9127565383911134
0|1|VFG039430(gb|NP_820078),0.3261449962854385,0,1.0,0.34771000742912295
0|1|VFG039464(gb|NP_820359),1.0,1,1.0,1.0
0|1|VFG039481(gb|NP_820393),1.0,1,1.0,1.0
0|1|VFG039496(gb|NP_820440),0.9835841298103333,1,1.0,0.9671682596206665
0|1|VFG039501(gb|NP_820443),1.0,1,1.0,1.0
0|1|VFG039575(gb|NP_820658),1.0,1,1.0,1.0
0|1|VFG039580(gb|NP_820659),0.06519274339079857,0,1.0,0.8696145132184029
0|1|VFG039585(gb|NP_820667),1.0,1,1.0,1.0
0|1|VFG039615(gb|NP_820749),0.3518522620201111,0,1.0,0.2962954759597778
0|1|VFG039641(gb|NP_820802),1.0,1,1.0,1.0
0|1|VFG039696(gb|NP_821048),0.04220662638545036,0,1.0,0.9155867472290993
0|1|VFG039700(gb|NP_819024),1.0,1,1.0,1.0
0|1|VFG041428(gb|YP_001425341.2),0.9304211378097534,1,1.0,0.8608422756195069
0|1|VFG046167(gb|YP_002305089.1),0.965555202960968,1,1.0,0.931110405921936
0|1|VFG046206(gb|NP_820798.1),1.0,1,1.0,1.0
0|1|VFG002176(gb|AAM75252),0.21798476427793503,0,1.0,0.56403047144413
0|1|VFG002184(gb|NP_816135),0.5680476307868958,1,1.0,0.1360952615737916
0|1|VFG002185(gb|NP_816136),0.9102766036987304,1,1.0,0.8205532073974608
0|1|VFG002186(gb|NP_816137),0.6312547564506531,1,1.0,0.2625095129013062
0|1|VFG002191(gb|NP_815515),0.8057392716407776,1,1.0,0.6114785432815553
0|1|VFG042978(gb|NP_814823),0.992054033279419,1,1.0,0.984108066558838
0|1|VFG045473(gb|AAM75250),0.46223742365837095,0,1.0,0.0755251526832581
0|1|VFG000743(gb|AAC38395),1.0,1,1.0,1.0
0|1|VFG000750(gb|YP_002332158),0.6273809671401978,1,1.0,0.2547619342803955
0|1|VFG000796(gb|NP_290252),0.9794440865516663,1,1.0,0.9588881731033325
0|1|VFG000804(gb|NP_290260),0.9523158192634582,1,1.0,0.9046316385269164
0|1|VFG000816(gb|NP_290272),1.0,1,1.0,1.0
0|1|VFG000820(gb|NP_290276),0.8879668116569519,1,1.0,0.7759336233139038
0|1|VFG000830(gb|NP_290286),0.9467755198478699,1,1.0,0.8935510396957398
0|1|VFG000846(gb|YP_325591),0.9079440355300903,1,1.0,0.8158880710601806
0|1|VFG000873(gb|NP_757241),0.9712087869644165,1,1.0,0.942417573928833
0|1|VFG000883(gb|NP_755466),0.9581827163696289,1,1.0,0.9163654327392579
0|1|VFG000905(gb|NP_755444),0.5575755953788757,1,1.0,0.11515119075775138
0|1|VFG001436(gb|BAB62897),0.9745600819587708,1,1.0,0.9491201639175415
0|1|VFG001534(gb|AAD49229),0.9921568632125854,1,1.0,0.9843137264251709
0|1|VFG002414(gb|NP_286010),0.9794440865516663,1,1.0,0.9588881731033325
0|1|VFG012327(gb|YP_540122),0.2896364450454712,0,1.0,0.4207271099090576
0|1|VFG012505(gb|NP_753166),0.6184649586677551,1,1.0,0.23692991733551017
0|1|VFG034754(gb|NP_288154),0.9912087917327881,1,1.0,0.9824175834655762
0|1|VFG034849(gb|NP_285716),1.0,1,1.0,1.0
0|1|VFG034966(gb|NP_287958),0.9875056982040405,1,1.0,0.9750113964080811
0|1|VFG042218(gb|AAN07916),1.0,1,1.0,1.0
0|1|VFG042389(gb|YP_540131),0.23071237057447433,0,1.0,0.5385752588510513
0|1|VFG042509(gb|AAS89779),1.0,1,1.0,1.0
0|1|VFG042554(gb|YP_002295987),0.9279837608337402,1,1.0,0.8559675216674805
0|1|VFG000331(gb|NP_439675),0.9627990603446961,1,1.0,0.9255981206893922
0|1|VFG000334(gb|NP_438494),0.9737837076187134,1,1.0,0.9475674152374267
0|1|VFG001147(gb|CAA83903),1.0,1,1.0,1.0
0|1|VFG001149(gb|AAB03707),0.9803921580314636,1,1.0,0.9607843160629272
0|1|VFG001157(gb|AAC44560),0.9643497467041016,1,1.0,0.9286994934082031
0|1|VFG013242(gb|NP_438232),0.5588668346405029,1,1.0,0.11773366928100581
0|1|VFG013281(gb|NP_438444),0.8912262439727783,1,1.0,0.7824524879455566
0|1|VFG013321(gb|NP_438894),0.29529729932546617,0,1.0,0.40940540134906767
0|1|VFG013327(gb|NP_438900),0.9690476179122924,1,1.0,0.9380952358245849
0|1|VFG013361(gb|NP_439032),0.866064727306366,1,1.0,0.7321294546127319
0|1|VFG013400(gb|NP_439262),0.9051596522331238,1,1.0,0.8103193044662476
0|1|VFG013496(gb|NP_439840),0.1826242536306381,0,1.0,0.6347514927387238
0|1|VFG000274(gb|NP_206868),0.08126560747623443,0,1.0,0.8374687850475311
0|1|VFG000280(gb|NP_207317),0.6871225595474243,1,1.0,0.3742451190948486
0|1|VFG000293(gb|NP_207330),0.9747929215431214,1,1.0,0.9495858430862427
0|1|VFG000296(gb|NP_207333),0.9722719073295594,1,1.0,0.9445438146591187
0|1|VFG000297(gb|NP_207334),1.0,1,1.0,1.0
0|1|VFG000303(gb|NP_207340),0.8394024252891541,1,1.0,0.6788048505783082
0|1|VFG000323(gb|NP_207661),0.8390666723251343,1,1.0,0.6781333446502686
0|1|VFG006548(gb|NP_207123),0.9794440865516663,1,1.0,0.9588881731033325
0|1|VFG006612(gb|NP_207545),1.0,1,1.0,1.0
0|1|VFG006617(gb|NP_207546),0.41392556875944136,0,1.0,0.17214886248111727
0|1|VFG006677(gb|NP_208268),0.7082125902175903,1,1.0,0.4164251804351806
0|1|VFG043366(gb|NP_206899),0.9036511063575745,1,1.0,0.807302212715149
0|1|VFG043368(gb|NP_207042),0.8718933582305908,1,1.0,0.7437867164611816
0|1|VFG044325(gb|YP_002920245),0.9794440865516663,1,1.0,0.9588881731033325
0|1|VFG048317(gb|YP_002921144.1),0.8810074687004089,1,1.0,0.7620149374008178
0|1|VFG048327(gb|YP_002921121.1),0.935014522075653,1,1.0,0.8700290441513061
0|1|VFG048348(gb|YP_002921123.1),0.3104950934648514,0,1.0,0.37900981307029724
0|1|VFG048841(gb|YP_002920354.1),0.892175841331482,1,1.0,0.784351682662964
0|1|VFG048863(gb|YP_002920356.1),0.29045983850955964,0,1.0,0.4190803229808807
0|1|VFG048940(gb|YP_002920363.1),0.7985494613647461,1,1.0,0.5970989227294923
0|1|VFG049062(gb|YP_002920345.1),0.7771572709083557,1,1.0,0.5543145418167115
0|1|VFG049148(gb|YP_006635474.1),1.0,1,1.0,1.0
0|1|VFG001832(gb|YP_094487),0.9556052446365356,1,1.0,0.9112104892730712
0|1|VFG001846(gb|YP_094503),0.9882352948188782,1,1.0,0.9764705896377563
0|1|VFG001849(gb|YP_096681),0.9274932980537415,1,1.0,0.854986596107483
0|1|VFG001858(gb|YP_096663),0.19920392334461212,0,1.0,0.6015921533107758
0|1|VFG001863(gb|YP_094729),1.0,1,1.0,1.0
0|1|VFG001872(gb|YP_095390),0.738894248008728,1,1.0,0.4777884960174561
0|1|VFG001878(gb|YP_095894),0.9863247871398926,1,1.0,0.9726495742797852
0|1|VFG001880(gb|YP_095551),1.0,1,1.0,1.0
0|1|VFG001990(gb|YP_094942),0.9017580509185791,1,1.0,0.8035161018371582
0|1|VFG002098(gb|YP_096789),1.0,1,1.0,1.0
0|1|VFG010682(gb|YP_094329),0.9921568632125854,1,1.0,0.9843137264251709
0|1|VFG010745(gb|YP_094420),1.0,1,1.0,1.0
0|1|VFG010759(gb|YP_096418),0.9136044144630432,1,1.0,0.8272088289260864
0|1|VFG010874(gb|YP_094894),0.6463873744010925,1,1.0,0.292774748802185
0|1|VFG041230(gb|YP_094067),1.0,1,1.0,1.0
0|1|VFG041237(gb|YP_094180),1.0,1,1.0,1.0
0|1|VFG041239(gb|YP_094245),1.0,1,1.0,1.0
0|1|VFG041247(gb|YP_094409),1.0,1,1.0,1.0
0|1|VFG041251(gb|YP_094481),1.0,1,1.0,1.0
0|1|VFG041253(gb|YP_094527),1.0,1,1.0,1.0
0|1|VFG041265(gb|YP_095154),1.0,1,1.0,1.0
0|1|VFG041277(gb|YP_095358),0.9466554403305054,1,1.0,0.8933108806610108
0|1|VFG041286(gb|YP_095648),1.0,1,1.0,1.0
0|1|VFG041288(gb|YP_095687),1.0,1,1.0,1.0
0|1|VFG041297(gb|YP_095949),0.9921568632125854,1,1.0,0.9843137264251709
0|1|VFG041298(gb|YP_095963),1.0,1,1.0,1.0
0|1|VFG041305(gb|YP_095979),0.9782679796218872,1,1.0,0.9565359592437743
0|1|VFG041307(gb|YP_095981),1.0,1,1.0,1.0
0|1|VFG041308(gb|YP_095982),1.0,1,1.0,1.0
0|1|VFG041310(gb|YP_095988),0.9953488349914551,1,1.0,0.9906976699829102
0|1|VFG041314(gb|YP_096157),0.5736257553100585,1,1.0,0.1472515106201171
0|1|VFG041318(gb|YP_096188),0.803847324848175,1,1.0,0.60769464969635
0|1|VFG041323(gb|YP_096260),1.0,1,1.0,1.0
0|1|VFG041332(gb|YP_096417),1.0,1,1.0,1.0
0|1|VFG041337(gb|YP_096463),1.0,1,1.0,1.0
0|1|VFG041344(gb|YP_096563),1.0,1,1.0,1.0
0|1|VFG041347(gb|YP_096799),1.0,1,1.0,1.0
0|1|VFG042863(gb|YP_094666),0.9323697209358215,1,1.0,0.864739441871643
0|1|VFG042869(gb|YP_095575),0.8954440712928772,1,1.0,0.7908881425857544
0|1|VFG043321(gb|YP_094941),0.9921568632125854,1,1.0,0.9843137264251709
0|1|VFG045330(gb|YP_095353),0.20722286105155946,0,1.0,0.5855542778968811
0|1|VFG045492(gb|YP_094419),1.0,1,1.0,1.0
0|1|VFG045494(gb|YP_094449),1.0,1,1.0,1.0
0|1|VFG045508(gb|YP_095141),0.9079440355300903,1,1.0,0.8158880710601806
0|1|VFG045512(gb|YP_095162),1.0,1,1.0,1.0
0|1|VFG045536(gb|YP_095711),1.0,1,1.0,1.0
0|1|VFG045540(gb|YP_095743),1.0,1,1.0,1.0
0|1|VFG045554(gb|YP_096144),0.9024932980537415,1,1.0,0.8049865961074829
0|1|VFG045555(gb|YP_096160),1.0,1,1.0,1.0
0|1|VFG045560(gb|YP_096235),1.0,1,1.0,1.0
0|1|VFG045564(gb|YP_096353),0.9605072021484375,1,1.0,0.9210144042968751
0|1|VFG045574(gb|YP_096442),0.28500360548496245,0,1.0,0.4299927890300751
0|1|VFG045581(gb|YP_096545),1.0,1,1.0,1.0
0|1|VFG045586(gb|YP_096562),1.0,1,1.0,1.0
0|1|VFG045590(gb|YP_096633),0.47500708103179934,0,1.0,0.04998583793640132
0|1|VFG045595(gb|YP_096724),0.894048535823822,1,1.0,0.7880970716476441
0|1|VFG045596(gb|YP_096748),1.0,1,1.0,1.0
0|1|VFG045598(gb|YP_096823),1.0,1,1.0,1.0
0|1|VFG045602(gb|YP_096873),1.0,1,1.0,1.0
0|1|VFG006717(gb|NP_465159),0.54340660572052,1,1.0,0.08681321144104004
0|1|VFG032845(gb|NP_466072),0.4099414348602295,0,1.0,0.18011713027954102
0|1|VFG045331(gb|AHK25016),0.8052274227142334,1,1.0,0.6104548454284668
0|1|VFG045335(gb|AHK25020),0.32095018923282626,0,1.0,0.3580996215343475
0|1|VFG002378(gb|YP_178023),0.9943396210670471,1,1.0,0.9886792421340942
0|1|VFG002389(gb|NP_218396),0.915570068359375,1,1.0,0.8311401367187501
0|1|VFG002390(gb|NP_218399),0.9799999952316284,1,1.0,0.9599999904632568
0|1|VFG002396(gb|NP_216299),0.7330457091331481,1,1.0,0.4660914182662963
0|1|VFG009553(gb|YP_177876),0.292741596698761,0,1.0,0.414516806602478
0|1|VFG022051(gb|NP_214798),0.7080233573913575,1,1.0,0.41604671478271493
0|1|VFG022114(gb|NP_214803),0.9571386814117432,1,1.0,0.9142773628234864
0|1|VFG022130(gb|NP_214804),0.9561906099319458,1,1.0,0.9123812198638916
0|1|VFG002034(gb|NP_110140),0.9455700635910034,1,1.0,0.8911401271820067
0|1|VFG002035(gb|NP_110135),0.9912087917327881,1,1.0,0.9824175834655762
0|1|VFG016472(gb|YP_116003),0.9846153855323792,1,1.0,0.9692307710647583
0|1|VFG000240(gb|NP_274087),1.0,1,1.0,1.0
0|1|VFG000256(gb|NP_273136),0.9754902005195618,1,1.0,0.9509804010391236
0|1|VFG000265(gb|NP_274548),1.0,1,1.0,1.0
0|1|VFG000267(gb|NP_283298),0.7826584458351136,1,1.0,0.5653168916702271
0|1|VFG037153(gb|NP_273705),0.9833333373069764,1,1.0,0.9666666746139527
0|1|VFG000129(gb|NP_252237),0.9223233819007873,1,1.0,0.8446467638015747
0|1|VFG000145(gb|NP_250562),0.29345822930335996,0,1.0,0.4130835413932801
0|1|VFG000165(gb|NP_252915),0.8942754626274109,1,1.0,0.7885509252548217
0|1|VFG000207(gb|NP_250403),0.9864964842796325,1,1.0,0.9729929685592651
0|1|VFG001208(gb|NP_253242),0.9545637845993042,1,1.0,0.9091275691986085
0|1|VFG001211(gb|NP_253245),0.9014135599136353,1,1.0,0.8028271198272705
0|1|VFG002067(gb|NP_248771),0.914397370815277,1,1.0,0.8287947416305541
0|1|VFG002071(gb|NP_248775),0.6942087054252625,1,1.0,0.38841741085052495
0|1|VFG002072(gb|NP_248776),0.941904890537262,1,1.0,0.883809781074524
0|1|VFG015503(gb|NP_252899),0.1460350776091218,0,1.0,0.7079298447817564
0|1|VFG015509(gb|NP_252901),0.1994857981801033,0,1.0,0.6010284036397934
0|1|VFG015551(gb|NP_248741),0.32908163368701937,0,1.0,0.34183673262596126
0|1|VFG016041(gb|NP_251092),0.8997803568840027,1,1.0,0.7995607137680054
0|1|VFG041011(gb|NP_248785),0.9769230723381043,1,1.0,0.9538461446762085
0|1|VFG044080(gb|NP_250945),0.22969266772270203,0,1.0,0.540614664554596
0|1|VFG000427(gb|NP_458734),0.9921568632125854,1,1.0,0.9843137264251709
0|1|VFG000430(gb|NP_458739),0.2930590331554413,0,1.0,0.4138819336891174
0|1|VFG000501(gb|NP_460365),1.0,1,1.0,1.0
0|1|VFG000505(gb|NP_460369),1.0,1,1.0,1.0
0|1|VFG000510(gb|NP_460374),1.0,1,1.0,1.0
0|1|VFG000518(gb|NP_460383),0.9241654872894287,1,1.0,0.8483309745788574
0|1|VFG000529(gb|NP_461786),1.0,1,1.0,1.0
0|1|VFG000554(gb|NP_461814),0.9912087917327881,1,1.0,0.9824175834655762
0|1|VFG002305(gb|NP_461448),1.0,1,1.0,1.0
0|1|VFG003982(gb|NP_461081),0.9921568632125854,1,1.0,0.9843137264251709
0|1|VFG003997(gb|NP_461706),0.9921568632125854,1,1.0,0.9843137264251709
0|1|VFG004165(gb|NP_459030),1.0,1,1.0,1.0
0|1|VFG042066(gb|NP_460656),1.0,1,1.0,1.0
0|1|VFG000671(gb|NP_706259),0.3083167314529419,0,1.0,0.38336653709411617
0|1|VFG001010(gb|NP_858284),0.9745600819587708,1,1.0,0.9491201639175415
0|1|VFG002046(gb|YP_404599),0.9370208859443665,1,1.0,0.874041771888733
0|1|VFG002053(gb|YP_404606),0.9065551877021789,1,1.0,0.8131103754043578
0|1|VFG001288(gb|NP_647406),0.13369380924850702,0,1.0,0.7326123815029859
0|1|VFG001291(gb|NP_647429),0.9712087869644165,1,1.0,0.942417573928833
0|1|VFG001304(gb|NP_644946),0.6471537053585052,1,1.0,0.2943074107170105
0|1|VFG001308(gb|NP_644950),0.36437323987483977,0,1.0,0.27125352025032046
0|1|VFG001312(gb|NP_644954),0.9721568584442138,1,1.0,0.9443137168884277
0|1|VFG002419(gb|NP_645021),1.0,1,1.0,1.0
0|1|VFG000956(gb|NP_607775),0.4684411078691483,0,1.0,0.06311778426170345
0|1|VFG000960(gb|NP_269464),0.5416812837123871,1,1.0,0.08336256742477421
0|1|VFG001337(gb|NP_688169),0.963997745513916,1,1.0,0.9279954910278321
0|1|VFG001343(gb|NP_688175),0.26142346411943435,0,1.0,0.4771530717611313
0|1|VFG001353(gb|NP_344916),0.5630536198616027,1,1.0,0.12610723972320548
0|1|VFG001354(gb|NP_345414),0.6348428428173065,1,1.0,0.26968568563461304
0|1|VFG001360(gb|NP_346126),0.8053549647331237,1,1.0,0.6107099294662475
0|1|VFG001370(gb|NP_344884),0.5117834866046905,1,1.0,0.02356697320938106
0|1|VFG005233(gb|YP_281471),0.9914430618286133,1,1.0,0.9828861236572266
0|1|VFG005316(gb|NP_359586),0.9640594720840454,1,1.0,0.9281189441680908
0|1|VFG005776(gb|NP_687685),0.9157929062843323,1,1.0,0.8315858125686646
0|1|VFG005791(gb|NP_687690),0.46536040902137754,0,1.0,0.06927918195724492
0|1|VFG000093(gb|NP_230478),0.8715081334114074,1,1.0,0.7430162668228149
0|1|VFG000100(gb|NP_230485),1.0,1,1.0,1.0
0|1|VFG000106(gb|NP_230493),0.9228421330451966,1,1.0,0.8456842660903932
0|1|VFG000109(gb|NP_231101),0.9274932980537415,1,1.0,0.854986596107483
0|1|VFG002078(gb|NP_232511),0.9274932980537415,1,1.0,0.854986596107483
0|1|VFG002086(gb|NP_232519),0.9912087917327881,1,1.0,0.9824175834655762
0|1|VFG002090(gb|NP_232523),0.7709982395172119,1,1.0,0.5419964790344238
0|1|VFG007023(gb|NP_231091),1.0,1,1.0,1.0
0|1|VFG007035(gb|NP_799736),0.8390666723251343,1,1.0,0.6781333446502686
0|1|VFG007038(gb|NP_232618),1.0,1,1.0,1.0
0|1|VFG007149(gb|NP_798038),1.0,1,1.0,1.0
0|1|VFG007157(gb|NP_798046),1.0,1,1.0,1.0
0|1|VFG007177(gb|NP_798078),0.9315611004829407,1,1.0,0.8631222009658814
0|1|VFG007179(gb|NP_798080),1.0,1,1.0,1.0
0|1|VFG018681(gb|NP_800831),0.9456091046333313,1,1.0,0.8912182092666625
0|1|VFG041910(gb|NP_800863),0.9745600819587708,1,1.0,0.9491201639175415
0|1|VFG041912(gb|NP_798060),0.8352628231048584,1,1.0,0.6705256462097169
0|1|VFG000350(gb|YP_002346327),0.620291018486023,1,1.0,0.24058203697204594
0|1|VFG000351(gb|NP_404898),0.9912087917327881,1,1.0,0.9824175834655762
0|1|VFG000375(gb|NP_395155),1.0,1,1.0,1.0
0|1|VFG000380(gb|NP_395164),0.9513066053390503,1,1.0,0.9026132106781006
0|1|VFG000392(gb|NP_395176),0.9921568632125854,1,1.0,0.9843137264251709
0|1|VFG002309(gb|YP_001007667),0.8516192436218262,1,1.0,0.7032384872436523
0|1|VFG002320(gb|YP_001006727),0.9523158192634582,1,1.0,0.9046316385269164
0|1|VFG002330(gb|YP_001006743),0.9912087917327881,1,1.0,0.9824175834655762
0|1|VFG002359(gb|YP_001006784),0.9523158192634582,1,1.0,0.9046316385269164
0|1|VFG043212(gb|YP_001006781),1.0,1,1.0,1.0
0|1|PATRIC_VF|Rv1539,0.4487153172492981,0,1.0,0.10256936550140383
0|1|PATRIC_VF|Lmon1_020100010133,0.56431884765625,1,1.0,0.1286376953124999
0|1|PATRIC_VF|Rv0199,0.8788821578025818,1,1.0,0.7577643156051637
0|1|PATRIC_VF|lmo1429,0.29823559820652007,0,1.0,0.40352880358695986
0|1|PATRIC_VF|Rv1290c,0.42831867933273315,0,1.0,0.1433626413345337
0|1|PATRIC_VF|STM474_0313,1.0,1,1.0,1.0
0|1|PATRIC_VF|E2348_P1_007,0.9731409549713135,1,1.0,0.946281909942627
0|1|PATRIC_VF|Rv3823c,0.8629236221313477,1,1.0,0.7258472442626953
0|1|PATRIC_VF|Rv1028c,0.9609068632125854,1,1.0,0.9218137264251709
0|1|PATRIC_VF|SL1344_4027,0.16358398497104645,0,1.0,0.6728320300579071
0|1|PATRIC_VF|Rv1514c,0.10289520397782326,0,1.0,0.7942095920443535
0|1|PATRIC_VF|c0468,0.4402928650379181,0,1.0,0.11941426992416382
0|1|PATRIC_VF|Rv3876,0.34248909950256345,0,1.0,0.3150218009948731
0|1|PATRIC_VF|STM474_0039,0.633685314655304,1,1.0,0.26737062931060795
0|1|PATRIC_VF|c2338,0.8701754927635192,1,1.0,0.7403509855270385
0|1|PATRIC_VF|Rv2707,0.3893898993730545,0,1.0,0.22122020125389097
0|1|PATRIC_VF|ETEC_4439,0.47540313601493833,0,1.0,0.049193727970123335
0|1|PATRIC_VF|Rv0990c,0.680432242155075,1,1.0,0.36086448431015006
0|1|PATRIC_VF|Z3022,0.3416357934474945,0,1.0,0.316728413105011
0|1|PATRIC_VF|STM3453,0.5975714385509491,1,1.0,0.19514287710189815
0|1|PATRIC_VF|STM474_0605,1.0,1,1.0,1.0
0|1|PATRIC_VF|Rv2192c,0.7345811605453492,1,1.0,0.46916232109069833
0|1|PATRIC_VF|Rv2277c,0.7199872255325317,1,1.0,0.4399744510650634
0|1|PATRIC_VF|SL1344_4255,0.7356595396995544,1,1.0,0.4713190793991089
0|1|PATRIC_VF|Rv1411c,0.8764322757720947,1,1.0,0.7528645515441894
0|1|PATRIC_VF|Rv3252c,0.05673587694764137,0,1.0,0.8865282461047173
0|1|PATRIC_VF|Rv3111,0.3655915528535843,0,1.0,0.2688168942928314
0|1|PATRIC_VF|Rv0342,0.5973640739917755,1,1.0,0.19472814798355098
0|1|PATRIC_VF|MT2129,0.7635838389396667,1,1.0,0.5271676778793335
0|1|PATRIC_VF|E2348_P1_022,0.8301192879676819,1,1.0,0.6602385759353637
0|1|PATRIC_VF|Sd1012_3335,0.9882352948188782,1,1.0,0.9764705896377563
0|1|PATRIC_VF|Rv2502c,0.8482570052146912,1,1.0,0.6965140104293823
0|1|PATRIC_VF|Rv3655c,0.599627959728241,1,1.0,0.19925591945648202
0|1|PATRIC_VF|LmonL_020200006576,0.5761720776557923,1,1.0,0.15234415531158452
0|1|PATRIC_VF|Rv3537,0.4601862370967865,0,1.0,0.07962752580642696
0|1|PATRIC_VF|Rv3375,0.1268107607960701,0,1.0,0.7463784784078598
0|1|PATRIC_VF|Rv0414c,0.24854523241519927,0,1.0,0.5029095351696015
0|1|PATRIC_VF|MMAR_5053,0.48236848711967467,0,1.0,0.03526302576065066
0|1|PATRIC_VF|Rv0355c,0.8873018383979797,1,1.0,0.7746036767959594
0|1|PATRIC_VF|STM3719,0.8889971375465393,1,1.0,0.7779942750930786
0|1|PATRIC_VF|STM474_2905,0.7528379678726196,1,1.0,0.5056759357452392
0|1|PATRIC_VF|Rv0099,0.8040711402893066,1,1.0,0.6081422805786132
0|1|PATRIC_VF|lmo1072,1.0,1,1.0,1.0
0|1|PATRIC_VF|Rv2437,0.15402792245149613,0,1.0,0.6919441550970078
0|1|PATRIC_VF|Rv3824c,0.827725863456726,1,1.0,0.6554517269134521
0|1|PATRIC_VF|Rv1590,0.8326992750167846,1,1.0,0.6653985500335693
0|1|PATRIC_VF|MT3320,0.9706421971321106,1,1.0,0.9412843942642213
0|1|PATRIC_VF|Rv3544c,0.8068374276161194,1,1.0,0.6136748552322389
0|1|PATRIC_VF|Rv0949,0.7930950284004211,1,1.0,0.5861900568008422
0|1|PATRIC_VF|SL1344_0513,0.14134614691138267,0,1.0,0.7173077061772346
0|1|PATRIC_VF|APECO1_O1CoBM27,0.967505693435669,1,1.0,0.9350113868713379
0|1|PATRIC_VF|Rv2450c,0.2684029445052147,0,1.0,0.46319411098957064
0|1|PATRIC_VF|Rv2387,0.15369568169116973,0,1.0,0.6926086366176605
0|1|PATRIC_VF|STM474_1890,0.754033899307251,1,1.0,0.5080677986145019
0|1|PATRIC_VF|SL1344_2112,0.383787602186203,0,1.0,0.232424795627594
0|1|PATRIC_VF|STM3501,1.0,1,1.0,1.0
0|1|PATRIC_VF|Rv3568c,0.601417338848114,1,1.0,0.20283467769622798
0|1|PATRIC_VF|Z4887,0.8818329215049744,1,1.0,0.7636658430099488
0|1|PATRIC_VF|Rv1099c,0.9362122654914856,1,1.0,0.8724245309829712
0|1|PATRIC_VF|Rv2032,0.3149796038866043,0,1.0,0.3700407922267914
0|1|PATRIC_VF|Rv3085,0.33408341705799105,0,1.0,0.3318331658840179
0|1|PATRIC_VF|Rv2962c,0.7516228795051575,1,1.0,0.503245759010315
0|1|PATRIC_VF|Rv2866,0.41869606375694274,0,1.0,0.16260787248611452
0|1|PATRIC_VF|Rv1357c,0.04822605438530445,0,1.0,0.903547891229391
0|1|PATRIC_VF|SL1344_1034,0.8548348665237426,1,1.0,0.7096697330474853
0|1|PATRIC_VF|MT2594,0.8875074982643127,1,1.0,0.7750149965286255
0|1|PATRIC_VF|Rv0500,0.7968639254570007,1,1.0,0.5937278509140014
0|1|PATRIC_VF|STM474_2679,0.2027866467833519,0,1.0,0.5944267064332962
0|1|PATRIC_VF|MAP3738c,0.09529384300112724,0,1.0,0.8094123139977455
0|1|PATRIC_VF|MT2245,0.4866358876228333,0,1.0,0.02672822475433345
0|1|PATRIC_VF|Rv3310,0.6284508109092712,1,1.0,0.2569016218185425
0|1|PATRIC_VF|BWG_0836,0.9882352948188782,1,1.0,0.9764705896377563
0|1|PATRIC_VF|Rv3082c,0.892175841331482,1,1.0,0.784351682662964
0|1|PATRIC_VF|ERDMAN_0177,0.5560627013444901,1,1.0,0.11212540268898019
0|1|PATRIC_VF|Rv0566c,0.7271911025047302,1,1.0,0.45438220500946036
0|1|PATRIC_VF|STM474_0645,0.15985169410705566,0,1.0,0.6802966117858886
0|1|PATRIC_VF|lmo2673,0.11165540590882302,0,1.0,0.776689188182354
0|1|PATRIC_VF|STM474_3621,0.6996488690376281,1,1.0,0.39929773807525626
0|1|PATRIC_VF|SFxv_4895,0.7149716973304748,1,1.0,0.42994339466094966
0|1|PATRIC_VF|Rv0216,0.18754881322383882,0,1.0,0.6249023735523224
0|1|PATRIC_VF|SL1344_1520,0.31497558057308195,0,1.0,0.3700488388538361
0|1|PATRIC_VF|VBILisMon5687_0963,0.050786145962774754,0,1.0,0.8984277080744505
0|1|PATRIC_VF|SL1344_2076,0.9803921580314636,1,1.0,0.9607843160629272
0|1|PATRIC_VF|Lmon1_020100011025,0.23598836213350297,0,1.0,0.5280232757329941
0|1|PATRIC_VF|lmo1683,0.14255914688110352,0,1.0,0.714881706237793
0|1|PATRIC_VF|S2725,0.33924290239810945,0,1.0,0.3215141952037811
0|1|PATRIC_VF|Rv0326,0.11400551125407218,0,1.0,0.7719889774918556
0|1|PATRIC_VF|Rv1002c,0.6742873132228852,1,1.0,0.3485746264457703
0|1|PATRIC_VF|SL1344_3908,0.8777450799942017,1,1.0,0.7554901599884034
0|1|PATRIC_VF|MT0269,0.9627990603446961,1,1.0,0.9255981206893922
0|1|PATRIC_VF|lmo1695,0.9046629905700684,1,1.0,0.8093259811401368
0|1|PATRIC_VF|SL1344_3217,0.9745421290397644,1,1.0,0.9490842580795289
0|1|PATRIC_VF|STM474_2178,0.4384942531585693,0,1.0,0.12301149368286135
0|1|PATRIC_VF|lmo1831,0.37401866018772123,0,1.0,0.25196267962455754
0|1|PATRIC_VF|SL1344_3673,0.1338922016322613,0,1.0,0.7322155967354774
0|1|PATRIC_VF|Rv1696,0.6562338531017303,1,1.0,0.31246770620346065
0|1|PATRIC_VF|STM474_1664,0.359420919418335,0,1.0,0.28115816116333003
0|1|PATRIC_VF|Rv2553c,0.2627608269453049,0,1.0,0.4744783461093902
0|1|PATRIC_VF|lmo0584,0.07197548691183328,0,1.0,0.8560490261763334
0|1|PATRIC_VF|Lmon1_020100009188,0.7922763109207154,1,1.0,0.5845526218414308
0|1|PATRIC_VF|Rv1747,0.9599587917327881,1,1.0,0.9199175834655762
0|1|PATRIC_VF|Rv2945c,0.9627990603446961,1,1.0,0.9255981206893922
0|1|PATRIC_VF|Rv0126,0.8309940934181214,1,1.0,0.6619881868362427
0|1|PATRIC_VF|Rv2939,0.8219167828559876,1,1.0,0.6438335657119751
0|1|PATRIC_VF|Rv2483c,0.47248410284519193,0,1.0,0.05503179430961613
0|1|PATRIC_VF|Rv0847,0.8631754398345948,1,1.0,0.7263508796691895
0|1|PATRIC_VF|ERDMAN_0719,0.33786971867084503,0,1.0,0.32426056265830994
0|0|tr|A0A0E8TEY5|A0A0E8TEY5_STREE,0.09210388287901879,0,0.0,0.8157922342419625
0|0|tr|A0A0E8TCM5|A0A0E8TCM5_STREE,0.020073896273970604,0,0.0,0.9598522074520588
0|0|tr|A0A0E8T3X2|A0A0E8T3X2_STREE,0.08033073041588068,0,0.0,0.8393385391682386
0|0|tr|A0A0E8TP73|A0A0E8TP73_STREE,0.05211947932839393,0,0.0,0.8957610413432121
0|0|tr|A0A0E8TKN6|A0A0E8TKN6_STREE,0.043017360009253026,0,0.0,0.9139652799814939
0|0|tr|A0A0E8TPM9|A0A0E8TPM9_STREE,0.11110776215791703,0,0.0,0.777784475684166
0|0|tr|A0A0E8T9M0|A0A0E8T9M0_STREE,0.0840755159035325,0,0.0,0.831848968192935
0|0|tr|A0A0E8TP37|A0A0E8TP37_STREE,0.046844491921365264,0,0.0,0.9063110161572695
0|0|tr|A0A0E8TIH1|A0A0E8TIH1_STREE,0.06404082141816617,0,0.0,0.8719183571636677
0|0|tr|A0A0E8TH68|A0A0E8TH68_STREE,0.04152688775211573,0,0.0,0.9169462244957686
0|0|tr|A0A0E8TEY0|A0A0E8TEY0_STREE,0.11510899886488915,0,0.0,0.7697820022702218
0|0|tr|A0A0E8T8S2|A0A0E8T8S2_STREE,0.02765631377696991,0,0.0,0.9446873724460602
0|0|tr|A0A0E8TBV1|A0A0E8TBV1_STREE,0.003846153989434242,0,0.0,0.9923076920211316
0|0|tr|A0A0E8T8X0|A0A0E8T8X0_STREE,0.18744799494743347,0,0.0,0.6251040101051331
0|0|tr|A0A0E8TP57|A0A0E8TP57_STREE,0.9206769108772278,1,0.0,0.8413538217544556
0|0|tr|A0A0E8TPK2|A0A0E8TPK2_STREE,0.15058497563004494,0,0.0,0.6988300487399102
0|0|tr|A0A0E8TR20|A0A0E8TR20_STREE,0.011428571492433547,0,0.0,0.9771428570151329
0|0|tr|A0A0E8TJY5|A0A0E8TJY5_STREE,0.20851252526044844,0,0.0,0.5829749494791031
0|0|tr|A0A0E8T8L9|A0A0E8T8L9_STREE,0.07422496099025011,0,0.0,0.8515500780194998
0|0|tr|A0A0E8TLI7|A0A0E8TLI7_STREE,0.164249886572361,0,0.0,0.671500226855278
0|0|tr|I6BT99|I6BT99_SHIFL,0.383787602186203,0,0.0,0.232424795627594
0|0|tr|I6BZK7|I6BZK7_SHIFL,0.4050027459859848,0,0.0,0.18999450802803042
0|0|tr|I6BDZ5|I6BDZ5_SHIFL,0.02765631377696991,0,0.0,0.9446873724460602
0|0|tr|I6BEV3|I6BEV3_SHIFL,0.04655138049274683,0,0.0,0.9068972390145064
0|0|tr|I6BEB3|I6BEB3_SHIFL,0.471889865398407,0,0.0,0.05622026920318601
0|0|tr|Q8DYA1|Q8DYA1_STRA5,0.06408889833837747,0,0.0,0.871822203323245
0|0|tr|Q8E1I8|Q8E1I8_STRA5,0.030733236856758595,0,0.0,0.9385335262864828
0|0|tr|D7H5Q5|D7H5Q5_BRUAO,0.0,0,0.0,1.0
0|0|tr|D7H5R9|D7H5R9_BRUAO,0.04371903166174888,0,0.0,0.9125619366765022
0|0|tr|D7H6T9|D7H6T9_BRUAO,0.4027049481868744,0,0.0,0.19459010362625118
0|0|tr|D7H0P7|D7H0P7_BRUAO,0.09834714327007532,0,0.0,0.8033057134598494
0|0|tr|D7H0D0|D7H0D0_BRUAO,0.07259627915918827,0,0.0,0.8548074416816235
0|0|tr|D7H7G3|D7H7G3_BRUAO,0.04220662638545036,0,0.0,0.9155867472290993
0|0|tr|D7H5Z8|D7H5Z8_BRUAO,0.19669646322727202,0,0.0,0.606607073545456
0|0|tr|D7GZ26|D7GZ26_BRUAO,0.013198482990264892,0,0.0,0.9736030340194702
0|0|tr|A1KUR4|A1KUR4_NEIMF,0.10734790749847889,0,0.0,0.7853041850030422
0|0|tr|A1KWN0|A1KWN0_NEIMF,0.2118563622236252,0,0.0,0.5762872755527496
0|0|tr|E8XFZ8|E8XFZ8_SALT4,0.2800892055034637,0,0.0,0.43982158899307255
0|0|tr|E8XFS1|E8XFS1_SALT4,0.13542545363307,0,0.0,0.72914909273386
0|0|tr|E8XKA6|E8XKA6_SALT4,0.06320554781705141,0,0.0,0.8735889043658972
0|0|tr|E8XIY3|E8XIY3_SALT4,0.021407229639589787,0,0.0,0.9571855407208204
0|0|tr|Q8XN57|Q8XN57_CLOPE,0.14562729541212321,0,0.0,0.7087454091757536
0|0|tr|Q8XJD1|Q8XJD1_CLOPE,0.18420665711164474,0,0.0,0.6315866857767105
0|0|tr|Q8XJS5|Q8XJS5_CLOPE,0.07270606551319361,0,0.0,0.8545878689736128
0|0|tr|Q8XPB2|Q8XPB2_CLOPE,0.05565349981188774,0,0.0,0.8886930003762246
0|0|tr|Q8XNA8|Q8XNA8_CLOPE,0.04043671488761902,0,0.0,0.919126570224762
0|0|sp|Q8XJQ0|RNH2_CLOPE,0.025886402279138566,0,0.0,0.9482271954417228
0|0|tr|Q8XMN9|Q8XMN9_CLOPE,0.04904255624860525,0,0.0,0.9019148875027895
0|0|tr|B7UTI6|B7UTI6_ECO27,0.03206657022237778,0,0.0,0.9358668595552444
0|0|tr|B7UL64|B7UL64_ECO27,0.15158246383070945,0,0.0,0.6968350723385811
0|0|tr|A0A064C079|A0A064C079_STREE,0.11112221349030733,0,0.0,0.7777555730193854
0|0|tr|Q541T4|Q541T4_STREE,0.15714492984116077,0,0.0,0.6857101403176784
0|0|tr|F4VCZ6|F4VCZ6_ECOLX,0.21347011923789977,0,0.0,0.5730597615242005
0|0|tr|F4VGW0|F4VGW0_ECOLX,0.8159877777099609,1,0.0,0.6319755554199218
0|0|tr|F4VNB7|F4VNB7_ECOLX,0.07365958858281374,0,0.0,0.8526808228343725
0|0|tr|F4VKT8|F4VKT8_ECOLX,0.08119583334773779,0,0.0,0.8376083333045244
0|0|tr|F4VIF5|F4VIF5_ECOLX,0.15379926040768624,0,0.0,0.6924014791846276
0|0|tr|A0A0H2YRN1|A0A0H2YRN1_CLOP1,0.060418218933045865,0,0.0,0.8791635621339082
0|0|tr|A5I056|A5I056_CLOBH,0.20474097728729249,0,0.0,0.5905180454254151
0|0|tr|A5I2J7|A5I2J7_CLOBH,0.13444982636719943,0,0.0,0.7311003472656011
0|0|tr|A5I7W7|A5I7W7_CLOBH,0.06852476671338081,0,0.0,0.8629504665732384
0|0|tr|A5I516|A5I516_CLOBH,0.09425919204950332,0,0.0,0.8114816159009933
0|0|tr|A5HYZ1|A5HYZ1_CLOBH,0.025886402279138566,0,0.0,0.9482271954417228
0|0|tr|A5I7D9|A5I7D9_CLOBH,0.011428571492433547,0,0.0,0.9771428570151329
0|0|tr|A5HYT3|A5HYT3_CLOBH,0.03912970330566168,0,0.0,0.9217405933886766
0|0|tr|A5I5P2|A5I5P2_CLOBH,0.011428571492433547,0,0.0,0.9771428570151329
0|0|tr|A5I5N3|A5I5N3_CLOBH,0.011428571492433547,0,0.0,0.9771428570151329
0|0|sp|A5I174|SSPH2_CLOBH,0.06060295477509499,0,0.0,0.87879409044981
0|0|tr|A5I0H1|A5I0H1_CLOBH,0.06060295477509499,0,0.0,0.87879409044981
0|0|tr|A5I3V5|A5I3V5_CLOBH,0.09229553937911987,0,0.0,0.8154089212417602
0|0|tr|A0A0U0KRA0|A0A0U0KRA0_STREE,0.08284831121563911,0,0.0,0.8343033775687217
0|0|tr|A0A0U0LS20|A0A0U0LS20_STREE,0.04220662638545036,0,0.0,0.9155867472290993
0|0|tr|A0A0U0L1M6|A0A0U0L1M6_STREE,0.1304680734872818,0,0.0,0.7390638530254364
0|0|tr|A0A0B7L9D3|A0A0B7L9D3_STREE,0.26552692651748655,0,0.0,0.4689461469650269
0|0|tr|Q5NER7|Q5NER7_FRATT,0.08513536918908357,0,0.0,0.8297292616218328
0|0|tr|Q5NF62|Q5NF62_FRATT,0.9322754383087158,1,0.0,0.8645508766174317
0|0|tr|Q5NIM6|Q5NIM6_FRATT,0.06863061003386975,0,0.0,0.8627387799322606
0|0|tr|A0A0H3B3F6|A0A0H3B3F6_YERPY,0.6904578804969788,1,0.0,0.3809157609939575
0|0|tr|A0A0H3B2C4|A0A0H3B2C4_YERPY,0.09229553937911987,0,0.0,0.8154089212417602
0|0|tr|A0A0H3AZX2|A0A0H3AZX2_YERPY,0.2142342895269394,0,0.0,0.5715314209461212
0|0|sp|B1JGL3|NUOA_YERPY,0.10187160894274712,0,0.0,0.7962567821145058
0|0|tr|A0R0G2|A0R0G2_MYCS2,0.02774060796946287,0,0.0,0.9445187840610743
0|0|tr|A0QZK3|A0QZK3_MYCS2,0.0,0,0.0,1.0
0|0|tr|A0QYE6|A0QYE6_MYCS2,0.14232001900672914,0,0.0,0.7153599619865417
0|0|tr|A0QV97|A0QV97_MYCS2,0.019304665364325048,0,0.0,0.9613906692713499
0|0|tr|A0QRD6|A0QRD6_MYCS2,0.04018127825111151,0,0.0,0.919637443497777
0|0|tr|A0R6B9|A0R6B9_MYCS2,0.06700587123632432,0,0.0,0.8659882575273514
0|0|tr|A0QVG2|A0QVG2_MYCS2,0.24523787200450897,0,0.0,0.5095242559909821
0|0|tr|A0QS88|A0QS88_MYCS2,0.03211464714258909,0,0.0,0.9357707057148218
0|0|tr|A0R6Y2|A0R6Y2_MYCS2,0.06325591653585434,0,0.0,0.8734881669282913
0|0|tr|A0R3J9|A0R3J9_MYCS2,0.4750997006893158,0,0.0,0.04980059862136843
0|0|tr|A0QU71|A0QU71_MYCS2,0.03206657022237778,0,0.0,0.9358668595552444
0|0|tr|A0QTL9|A0QTL9_MYCS2,0.06379481256008149,0,0.0,0.8724103748798371
0|0|tr|A0QTB0|A0QTB0_MYCS2,0.023198896273970603,0,0.0,0.9536022074520588
0|0|tr|A0R2M1|A0R2M1_MYCS2,0.08397783190011979,0,0.0,0.8320443361997605
0|0|tr|A0R6X1|A0R6X1_MYCS2,0.10849958285689354,0,0.0,0.7830008342862129
0|0|tr|A0R6C0|A0R6C0_MYCS2,0.02315081935375929,0,0.0,0.9536983612924814
0|0|tr|A0QXP9|A0QXP9_MYCS2,0.02315081935375929,0,0.0,0.9536983612924814
0|0|tr|A0QXF9|A0QXF9_MYCS2,0.020686075650155546,0,0.0,0.9586278486996889
0|0|tr|A0R3A0|A0R3A0_MYCS2,0.026969560235738755,0,0.0,0.9460608795285225
0|0|tr|A0QV58|A0QV58_MYCS2,0.014457830786705017,0,0.0,0.9710843384265899
0|0|tr|A0R359|A0R359_MYCS2,0.017534753866493703,0,0.0,0.9649304922670126
0|0|tr|A0QRJ3|A0QRJ3_MYCS2,0.09765595421195031,0,0.0,0.8046880915760994
0|0|tr|A0R077|A0R077_MYCS2,0.04165792632848024,0,0.0,0.9166841473430395
0|0|tr|A0QRA6|A0QRA6_MYCS2,0.028761807829141617,0,0.0,0.9424763843417168
0|0|tr|A0R2P3|A0R2P3_MYCS2,0.03206657022237778,0,0.0,0.9358668595552444
0|0|tr|A0A0H3N5I2|A0A0H3N5I2_PEPDC,0.23498523235321045,0,0.0,0.5300295352935791
0|0|tr|A0A0H3NBZ0|A0A0H3NBZ0_PEPDC,0.05974414423108101,0,0.0,0.880511711537838
0|0|tr|A0A0H3N987|A0A0H3N987_PEPDC,0.08549251053482294,0,0.0,0.8290149789303541
0|0|tr|A0A0H3N7X5|A0A0H3N7X5_PEPDC,0.011428571492433547,0,0.0,0.9771428570151329
0|0|tr|A0A0H3N6G1|A0A0H3N6G1_PEPDC,0.035751435160636905,0,0.0,0.9284971296787262
0|0|tr|A0A0H3NFM8|A0A0H3NFM8_PEPDC,0.021407229639589787,0,0.0,0.9571855407208204
0|0|tr|A0A0H3NE97|A0A0H3NE97_PEPDC,0.08885941002517939,0,0.0,0.8222811799496412
0|0|tr|A0A0H3NDQ6|A0A0H3NDQ6_PEPDC,0.0529302129521966,0,0.0,0.8941395740956068
0|0|tr|A0A0H3NBD0|A0A0H3NBD0_PEPDC,0.02765631377696991,0,0.0,0.9446873724460602
0|0|tr|A0A0H3NC51|A0A0H3NC51_PEPDC,0.04290829803794623,0,0.0,0.9141834039241076
0|0|tr|A0A0H3N3V8|A0A0H3N3V8_PEPDC,0.003846153989434242,0,0.0,0.9923076920211316
0|0|tr|A0A0H3N538|A0A0H3N538_PEPDC,0.06060295477509499,0,0.0,0.87879409044981
0|0|tr|A0A0H3NAR3|A0A0H3NAR3_PEPDC,0.11820670887827874,0,0.0,0.7635865822434426
0|0|tr|A0A0H3N0G6|A0A0H3N0G6_PEPDC,0.003846153989434242,0,0.0,0.9923076920211316
0|0|sp|A9IXC8|Y1882_BART1,0.011428571492433547,0,0.0,0.9771428570151329
0|0|tr|A9IWY1|A9IWY1_BART1,0.1826242536306381,0,0.0,0.6347514927387238
0|0|tr|A9IXQ2|A9IXQ2_BART1,0.5798065364360809,1,0.0,0.15961307287216187
0|0|tr|A9IU79|A9IU79_BART1,0.003846153989434242,0,0.0,0.9923076920211316
0|0|tr|A9IXU0|A9IXU0_BART1,0.003846153989434242,0,0.0,0.9923076920211316
0|0|tr|Q6NI71|Q6NI71_CORDI,0.06947501823306083,0,0.0,0.8610499635338783
0|0|tr|Q6NEU8|Q6NEU8_CORDI,0.04306543692946434,0,0.0,0.9138691261410713
0|0|tr|Q6NJM6|Q6NJM6_CORDI,0.0842696214094758,0,0.0,0.8314607571810484
0|0|tr|Q6NGS0|Q6NGS0_CORDI,0.07981343492865563,0,0.0,0.8403731301426888
0|0|tr|Q6NGS1|Q6NGS1_CORDI,0.04225470330566168,0,0.0,0.9154905933886767
0|0|tr|Q6NIB3|Q6NIB3_CORDI,0.1851805955171585,0,0.0,0.629638808965683
0|0|tr|Q6NFM5|Q6NFM5_CORDI,0.2764468893408775,0,0.0,0.44710622131824496
0|0|tr|V7KM45|V7KM45_MYCPC,0.06962207332253456,0,0.0,0.8607558533549309
0|0|tr|V7KFY9|V7KFY9_MYCPC,0.014457830786705017,0,0.0,0.9710843384265899
0|0|tr|V7KLT3|V7KLT3_MYCPC,0.020637998729944228,0,0.0,0.9587240025401116
0|0|tr|V7KXQ9|V7KXQ9_MYCPC,0.03341869544237852,0,0.0,0.933162609115243
0|0|tr|V7KU31|V7KU31_MYCPC,0.04574064686894417,0,0.0,0.9085187062621116
0|0|tr|V7KQE2|V7KQE2_MYCPC,0.17902496755123137,0,0.0,0.6419500648975373
0|0|tr|V7KR02|V7KR02_MYCPC,0.014457830786705017,0,0.0,0.9710843384265899
0|0|tr|V7KLM7|V7KLM7_MYCPC,0.08183028418570756,0,0.0,0.8363394316285848
0|0|tr|V7KGT9|V7KGT9_MYCPC,0.028018173202872275,0,0.0,0.9439636535942555
0|0|tr|V7KW58|V7KW58_MYCPC,0.035509545169770715,0,0.0,0.9289809096604585
0|0|tr|V7KSW7|V7KSW7_MYCPC,0.01462577412603423,0,0.0,0.9707484517479316
0|0|tr|V7KN07|V7KN07_MYCPC,0.05603062976151705,0,0.0,0.8879387404769659
0|0|tr|V7KFR8|V7KFR8_MYCPC,0.016227742284536363,0,0.0,0.9675445154309272
0|0|tr|Q63TY5|Q63TY5_BURPS,0.023961552977561952,0,0.0,0.952076894044876
0|0|tr|Q63NZ2|Q63NZ2_BURPS,0.04901623446494341,0,0.0,0.9019675310701132
0|0|tr|Q63UY9|Q63UY9_BURPS,0.14542359486222267,0,0.0,0.7091528102755547
0|0|sp|Q63SX7|RRAAH_BURPS,0.07988820485770702,0,0.0,0.8402235902845859
0|0|tr|Q63KP4|Q63KP4_BURPS,0.014457830786705017,0,0.0,0.9710843384265899
0|0|tr|Q63NF3|Q63NF3_BURPS,0.05128370225429535,0,0.0,0.8974325954914093
0|0|tr|Q63M12|Q63M12_BURPS,0.07210776153951884,0,0.0,0.8557844769209624
0|0|tr|Q63JQ7|Q63JQ7_BURPS,0.05049507487565279,0,0.0,0.8990098502486944
0|0|tr|Q63VX3|Q63VX3_BURPS,0.04904255624860525,0,0.0,0.9019148875027895
0|0|tr|Q63KB1|Q63KB1_BURPS,0.04220662638545036,0,0.0,0.9155867472290993
0|0|tr|B1IHS5|B1IHS5_CLOBK,0.050786145962774754,0,0.0,0.8984277080744505
0|0|tr|B1IIA9|B1IIA9_CLOBK,0.02765631377696991,0,0.0,0.9446873724460602
0|0|tr|B1IGT4|B1IGT4_CLOBK,0.04220662638545036,0,0.0,0.9155867472290993
0|0|tr|Q8DQF0|Q8DQF0_STRR6,0.025886402279138566,0,0.0,0.9482271954417228
0|0|tr|Q8DRL0|Q8DRL0_STRR6,0.18974189162254335,0,0.0,0.6205162167549133
0|0|tr|B1LJZ7|B1LJZ7_ECOSM,0.559971022605896,1,0.0,0.11994204521179208
0|0|tr|A0A083WJJ6|A0A083WJJ6_MYCBI,0.3414257690310478,0,0.0,0.31714846193790436
0|0|tr|A0A083WKY9|A0A083WKY9_MYCBI,0.03078131377696991,0,0.0,0.9384373724460602
0|0|tr|A0A083VU40|A0A083VU40_MYCBI,0.025886402279138566,0,0.0,0.9482271954417228
0|0|tr|A0A0C7DTV9|A0A0C7DTV9_MYCBI,0.03287730384618044,0,0.0,0.9342453923076391
0|0|tr|A0A0C7DRI9|A0A0C7DRI9_MYCBI,0.024484152719378472,0,0.0,0.951031694561243
0|0|tr|A0A0C7DCH3|A0A0C7DCH3_MYCBI,0.14232001900672914,0,0.0,0.7153599619865417
0|0|tr|A0A0C7DQK5|A0A0C7DQK5_MYCBI,0.08313942048698664,0,0.0,0.8337211590260267
0|0|tr|A0A083VXL6|A0A083VXL6_MYCBI,0.05206825882196427,0,0.0,0.8958634823560715
0|0|tr|Q83XB5|Q83XB5_MYCBI,0.028018173202872275,0,0.0,0.9439636535942555
0|0|tr|A0A083W7B7|A0A083W7B7_MYCBI,0.060496566072106364,0,0.0,0.8790068678557873
0|0|tr|A0A0H3BYZ3|A0A0H3BYZ3_STRPZ,0.011428571492433547,0,0.0,0.9771428570151329
0|0|tr|A0A0H3BXQ2|A0A0H3BXQ2_STRPZ,0.173486690223217,0,0.0,0.653026619553566
0|0|tr|A0A0H3BYC9|A0A0H3BYC9_STRPZ,0.04286022111773491,0,0.0,0.9142795577645302
0|0|tr|Q9AQI9|Q9AQI9_STRAG,0.3902941346168518,0,0.0,0.2194117307662964
0|0|tr|Q8F5N2|Q8F5N2_LEPIN,0.07554272469133139,0,0.0,0.8489145506173372
0|0|tr|Q8F9Z7|Q8F9Z7_LEPIN,0.0787289522588253,0,0.0,0.8425420954823494
0|0|tr|Q8F9F7|Q8F9F7_LEPIN,0.08189923036843538,0,0.0,0.8362015392631292
0|0|tr|Q8F0Y6|Q8F0Y6_LEPIN,0.005616065487265587,0,0.0,0.9887678690254689
0|0|tr|Q8F0Q6|Q8F0Q6_LEPIN,0.0069230770692229274,0,0.0,0.9861538458615542
0|0|tr|Q8EXE6|Q8EXE6_LEPIN,0.053943992406129834,0,0.0,0.8921120151877403
0|0|tr|Q8EXY7|Q8EXY7_LEPIN,0.040921369940042494,0,0.0,0.918157260119915
0|0|tr|Q8F0U3|Q8F0U3_LEPIN,0.026415462233126165,0,0.0,0.9471690755337476
0|0|tr|Q8F8N1|Q8F8N1_LEPIN,0.06811378207057714,0,0.0,0.8637724358588457
0|0|tr|Q8F1S6|Q8F1S6_LEPIN,0.20451417267322541,0,0.0,0.5909716546535492
0|0|tr|Q8F228|Q8F228_LEPIN,0.7208562374114991,1,0.0,0.44171247482299814
0|0|tr|Q8EZ09|Q8EZ09_LEPIN,0.04225470330566168,0,0.0,0.9154905933886767
0|0|tr|Q8F2S7|Q8F2S7_LEPIN,0.14506272077560425,0,0.0,0.7098745584487915
0|0|tr|Q8EZ84|Q8EZ84_LEPIN,0.1144167484715581,0,0.0,0.7711665030568838
0|0|sp|Q8F201|Y2977_LEPIN,0.04533439036458731,0,0.0,0.9093312192708254
0|0|sp|Q8EYY4|LNT2_LEPIN,0.08092543855309486,0,0.0,0.8381491228938103
0|0|tr|Q8F122|Q8F122_LEPIN,0.005616065487265587,0,0.0,0.9887678690254689
0|0|tr|A0A0U1ESH4|A0A0U1ESH4_YERIN,0.024484152719378472,0,0.0,0.951031694561243
0|0|tr|Q9I1S5|Q9I1S5_PSEAE,0.25629816502332686,0,0.0,0.4874036699533463
0|0|tr|Q9I1Q7|Q9I1Q7_PSEAE,0.08371050003916025,0,0.0,0.8325789999216795
0|0|tr|Q9I3R4|Q9I3R4_PSEAE,0.18768172562122346,0,0.0,0.6246365487575531
0|0|tr|Q9HTG3|Q9HTG3_PSEAE,0.11240147054195404,0,0.0,0.7751970589160919
0|0|tr|Q9I0Z2|Q9I0Z2_PSEAE,0.05882189217954874,0,0.0,0.8823562156409025
0|0|tr|Q9I1V7|Q9I1V7_PSEAE,0.05184641629457474,0,0.0,0.8963071674108505
0|0|sp|G3XD12|HCNC_PSEAE,0.02913038630504161,0,0.0,0.9417392273899168
0|0|tr|Q9HTJ7|Q9HTJ7_PSEAE,0.08630335275083781,0,0.0,0.8273932944983244
0|0|tr|Q9I227|Q9I227_PSEAE,0.0069230770692229274,0,0.0,0.9861538458615542
0|0|tr|Q9HUD1|Q9HUD1_PSEAE,0.06327816471457481,0,0.0,0.8734436705708504
0|0|tr|Q9I237|Q9I237_PSEAE,0.23063720315694808,0,0.0,0.5387255936861038
0|0|sp|Q9I352|HEMTB_PSEAE,0.09229553937911987,0,0.0,0.8154089212417602
0|0|tr|Q9I6R2|Q9I6R2_PSEAE,0.6543300986289978,1,0.0,0.30866019725799565
0|0|tr|G3XCV6|G3XCV6_PSEAE,0.2378487393260002,0,0.0,0.5243025213479996
0|0|tr|Q9HZX5|Q9HZX5_PSEAE,0.2026079386472702,0,0.0,0.5947841227054596
0|0|tr|Q9HWL5|Q9HWL5_PSEAE,0.06257000286132097,0,0.0,0.874859994277358
0|0|tr|Q9I2K0|Q9I2K0_PSEAE,0.09750233460217714,0,0.0,0.8049953307956457
0|0|tr|Q9I144|Q9I144_PSEAE,0.06897835899144411,0,0.0,0.8620432820171118
0|0|tr|Q9I167|Q9I167_PSEAE,0.136754247918725,0,0.0,0.7264915041625499
0|0|tr|Q9HT44|Q9HT44_PSEAE,0.0936023786664009,0,0.0,0.8127952426671982
0|0|tr|A1JQY5|A1JQY5_YERE8,0.17779402434825897,0,0.0,0.6444119513034821
0|0|sp|A1JKE3|URED_YERE8,0.1861043632030487,0,0.0,0.6277912735939026
0|0|tr|A1JQZ7|A1JQZ7_YERE8,0.15248346999287604,0,0.0,0.6950330600142479
0|0|tr|Q9K2F0|Q9K2F0_CHLPN,0.07675996497273445,0,0.0,0.8464800700545311
0|0|tr|Q9K1X2|Q9K1X2_CHLPN,0.06408889833837747,0,0.0,0.871822203323245
0|0|tr|Q9Z6S2|Q9Z6S2_CHLPN,0.04152688775211573,0,0.0,0.9169462244957686
0|0|sp|Q9Z6S3|TRMB_CHLPN,0.025886402279138566,0,0.0,0.9482271954417228
0|0|tr|Q9JS40|Q9JS40_CHLPN,0.003846153989434242,0,0.0,0.9923076920211316
0|0|tr|W8ZU36|W8ZU36_ECOLX,0.22133635580539704,0,0.0,0.557327288389206
0|0|tr|B7MFE5|B7MFE5_ECO45,0.060668385773897174,0,0.0,0.8786632284522057
0|0|tr|B7MCP4|B7MCP4_ECO45,0.2982650324702263,0,0.0,0.4034699350595474
0|0|tr|T6GJW4|T6GJW4_ECOLX,0.08809491321444511,0,0.0,0.8238101735711097
0|0|tr|C8TV32|C8TV32_ECO26,0.11763804256916047,0,0.0,0.7647239148616791
0|0|tr|Q2L1X4|Q2L1X4_BORA1,0.046844491921365264,0,0.0,0.9063110161572695
0|0|tr|Q2KZK0|Q2KZK0_BORA1,0.020073896273970604,0,0.0,0.9598522074520588
0|0|tr|Q2L1S1|Q2L1S1_BORA1,0.04655138049274683,0,0.0,0.9068972390145064
0|0|tr|Q2KXN5|Q2KXN5_BORA1,0.06998733747750521,0,0.0,0.8600253250449896
0|0|tr|Q2KXK0|Q2KXK0_BORA1,0.04306543692946434,0,0.0,0.9138691261410713
0|0|tr|Q2KYG8|Q2KYG8_BORA1,0.15941583439707757,0,0.0,0.6811683312058449
0|0|tr|Q2KU01|Q2KU01_BORA1,0.13851963803172113,0,0.0,0.7229607239365577
0|0|tr|Q2L0X6|Q2L0X6_BORA1,0.013198482990264892,0,0.0,0.9736030340194702
0|0|tr|Q9KU13|Q9KU13_VIBCH,0.06594348270446063,0,0.0,0.8681130345910788
0|0|tr|Q9KVV0|Q9KVV0_VIBCH,0.10285779312252999,0,0.0,0.7942844137549401
0|0|tr|Q9KSV9|Q9KSV9_VIBCH,0.04087329301983118,0,0.0,0.9182534139603377
0|0|tr|Q9KV00|Q9KV00_VIBCH,0.25071416348218917,0,0.0,0.49857167303562167
0|0|tr|Q9KPT0|Q9KPT0_VIBCH,0.08290682062506675,0,0.0,0.8341863587498665
0|0|tr|A0A0E1R8Q6|A0A0E1R8Q6_LISMN,0.01830398477613926,0,0.0,0.9633920304477215
0|0|tr|A0A0E1R594|A0A0E1R594_LISMN,0.17780959755182266,0,0.0,0.6443808048963546
0|0|tr|A0A0E1R4K7|A0A0E1R4K7_LISMN,0.003846153989434242,0,0.0,0.9923076920211316
0|0|tr|A0A0E1R3B4|A0A0E1R3B4_LISMN,0.11903431862592698,0,0.0,0.7619313627481461
0|0|tr|A0A0H2YDA5|A0A0H2YDA5_YERPN,0.02467187251895666,0,0.0,0.9506562549620867
0|0|tr|A0A0H2YGR5|A0A0H2YGR5_YERPN,0.07735225055366754,0,0.0,0.8452954988926649
0|0|tr|Q7D7I8|Q7D7I8_MYCTO,0.08260422945022583,0,0.0,0.8347915410995483
0|0|sp|P9WQG6|Y802_MYCTO,0.04574064686894417,0,0.0,0.9085187062621116
0|0|sp|P9WFM2|Y1101_MYCTO,0.06990058198571206,0,0.0,0.8601988360285759
0|0|tr|U9YTD2|U9YTD2_ECOLX,0.02765631377696991,0,0.0,0.9446873724460602
0|0|tr|E2X3U8|E2X3U8_SHIDY,0.0638446370139718,0,0.0,0.8723107259720564
0|0|tr|Q0P9I9|Q0P9I9_CAMJE,0.07268127985298634,0,0.0,0.8546374402940273
0|0|sp|Q9PNJ9|LNT_CAMJE,0.3441001236438751,0,0.0,0.3117997527122498
0|0|tr|Q0P7U4|Q0P7U4_CAMJE,0.24115608185529708,0,0.0,0.5176878362894058
0|0|tr|A0A0W3CR45|A0A0W3CR45_ESCFE,0.4075420767068863,0,0.0,0.1849158465862274
0|0|tr|A0A0E1URA7|A0A0E1URA7_BURPE,0.05139276422560215,0,0.0,0.8972144715487957
0|0|tr|A0A0E1UBL5|A0A0E1UBL5_BURPE,0.1509154811501503,0,0.0,0.6981690376996994
0|0|tr|A0A0E1UAE1|A0A0E1UAE1_BURPE,0.0014123941014986484,0,0.0,0.9971752117970027
0|0|tr|A0A0E1UNJ6|A0A0E1UNJ6_BURPE,0.5489360392093658,1,0.0,0.09787207841873169
0|0|tr|A0A0E1UHM2|A0A0E1UHM2_BURPE,0.10978571269661189,0,0.0,0.7804285746067763
0|0|tr|A0A0E1UF13|A0A0E1UF13_BURPE,0.06049488354474306,0,0.0,0.8790102329105138
0|0|tr|A0A0E1UDX3|A0A0E1UDX3_BURPE,0.03912970330566168,0,0.0,0.9217405933886766
0|0|tr|A0A0E1U9W5|A0A0E1U9W5_BURPE,0.14049723744392395,0,0.0,0.7190055251121521
0|0|tr|A0A0E1UFI4|A0A0E1UFI4_BURPE,0.03912970330566168,0,0.0,0.9217405933886766
0|0|tr|A0A0E1UPK8|A0A0E1UPK8_BURPE,0.3245511263608932,0,0.0,0.35089774727821355
0|0|tr|A0A0E1ULR9|A0A0E1ULR9_BURPE,0.04043671488761902,0,0.0,0.919126570224762
0|0|tr|C4KS46|C4KS46_BURPE,0.09908009134232998,0,0.0,0.80183981731534
0|0|tr|C4I492|C4I492_BURPE,0.08594429530203343,0,0.0,0.8281114093959332
0|0|tr|C4I7W9|C4I7W9_BURPE,0.003846153989434242,0,0.0,0.9923076920211316
0|0|tr|C4KS48|C4KS48_BURPE,0.011428571492433547,0,0.0,0.9771428570151329
0|0|tr|C4I2B5|C4I2B5_BURPE,0.005616065487265587,0,0.0,0.9887678690254689
0|0|tr|C4KVI4|C4KVI4_BURPE,0.0377963699400425,0,0.0,0.924407260119915
0|0|tr|B1BWZ0|B1BWZ0_CLOPF,0.025886402279138566,0,0.0,0.9482271954417228
0|0|tr|B1BPS6|B1BPS6_CLOPF,0.06109288688749075,0,0.0,0.8778142262250185
0|0|tr|A0A125W3M4|A0A125W3M4_ENTFL,0.15104376338422298,0,0.0,0.697912473231554
0|0|tr|A0A125W496|A0A125W496_ENTFL,0.2887830793857574,0,0.0,0.42243384122848515
0|0|tr|A0A125W1Z3|A0A125W1Z3_ENTFL,0.005616065487265587,0,0.0,0.9887678690254689
0|0|tr|A0A125W485|A0A125W485_ENTFL,0.02765631377696991,0,0.0,0.9446873724460602
0|0|tr|A0A125W4Y8|A0A125W4Y8_ENTFL,0.003846153989434242,0,0.0,0.9923076920211316
0|0|tr|A0A125W3Q7|A0A125W3Q7_ENTFL,0.2989162907004356,0,0.0,0.40216741859912875
0|0|tr|A0A125W5D6|A0A125W5D6_ENTFL,0.1499533701688051,0,0.0,0.7000932596623898
0|0|tr|A0A125W948|A0A125W948_ENTFL,0.011428571492433547,0,0.0,0.9771428570151329
0|0|tr|A0A125W3M6|A0A125W3M6_ENTFL,0.08931844159960747,0,0.0,0.8213631168007851
0|0|tr|A0A125W6U5|A0A125W6U5_ENTFL,0.09259987995028496,0,0.0,0.8148002400994301
0|0|tr|A0A125W4M8|A0A125W4M8_ENTFL,0.037359791807830334,0,0.0,0.9252804163843393
0|0|tr|A0A125W542|A0A125W542_ENTFL,0.23720784485340118,0,0.0,0.5255843102931976
0|0|tr|A0A125W1N0|A0A125W1N0_ENTFL,0.0875128697603941,0,0.0,0.8249742604792119
0|0|tr|A0A125W1W3|A0A125W1W3_ENTFL,0.18535981476306915,0,0.0,0.6292803704738616
0|0|tr|A0A125WAW1|A0A125WAW1_ENTFL,0.08635167796164751,0,0.0,0.827296644076705
0|0|tr|A0A034T357|A0A034T357_9ENTR,0.128662870824337,0,0.0,0.7426742583513259
0|0|tr|A0A034SX10|A0A034SX10_9ENTR,0.1415080524981022,0,0.0,0.7169838950037957
0|0|tr|A0A034T3F1|A0A034T3F1_9ENTR,0.6509706974029541,1,0.0,0.3019413948059082
0|0|tr|A0A034T6R7|A0A034T6R7_9ENTR,0.7953032732009888,1,0.0,0.5906065464019776
0|0|tr|Q839Q1|Q839Q1_ENTFA,0.04765522554516792,0,0.0,0.9046895489096641
0|0|tr|Q82YR2|Q82YR2_ENTFA,0.011428571492433547,0,0.0,0.9771428570151329
0|0|tr|A0A0H2WU51|A0A0H2WU51_SALPA,0.08198914378881454,0,0.0,0.8360217124223709
0|0|tr|A7H2N7|A7H2N7_CAMJD,0.19541517719626428,0,0.0,0.6091696456074714
0|0|tr|A7H2B5|A7H2B5_CAMJD,0.025886402279138566,0,0.0,0.9482271954417228
0|0|tr|A0A0H5KLJ7|A0A0H5KLJ7_BURPE,0.06405924484133721,0,0.0,0.8718815103173256
0|0|tr|Q2YIX7|Q2YIX7_BRUA2,0.04220662638545036,0,0.0,0.9155867472290993
0|0|tr|H4JNV4|H4JNV4_ECOLX,0.01765923327766359,0,0.0,0.9646815334446728
0|0|tr|C0GBH8|C0GBH8_9RHIZ,0.05139276422560215,0,0.0,0.8972144715487957
0|0|tr|C0G8M1|C0G8M1_9RHIZ,0.003846153989434242,0,0.0,0.9923076920211316
0|0|tr|C0G780|C0G780_9RHIZ,0.07664495650678874,0,0.0,0.8467100869864226
0|0|tr|C0GAZ8|C0GAZ8_9RHIZ,0.059792221151292325,0,0.0,0.8804155576974153
0|0|tr|C0G7B9|C0G7B9_9RHIZ,0.03912970330566168,0,0.0,0.9217405933886766
0|0|tr|C0G5S4|C0G5S4_9RHIZ,0.2085436090826988,0,0.0,0.5829127818346024
0|0|tr|C0G5E2|C0G5E2_9RHIZ,0.04168402664363384,0,0.0,0.9166319467127323
0|0|tr|B7NH60|B7NH60_ECOLU,0.10056476965546608,0,0.0,0.7988704606890679
0|0|tr|A0A0H2WK05|A0A0H2WK05_BURMA,0.003846153989434242,0,0.0,0.9923076920211316
0|0|tr|A0A0H2WFA3|A0A0H2WFA3_BURMA,0.22969266772270203,0,0.0,0.540614664554596
0|0|tr|A0A0H2ZWZ7|A0A0H2ZWZ7_MYCA1,0.017534753866493703,0,0.0,0.9649304922670126
0|0|tr|A0A0H2ZQS1|A0A0H2ZQS1_MYCA1,0.014457830786705017,0,0.0,0.9710843384265899
0|0|tr|A0A0H2ZRR8|A0A0H2ZRR8_MYCA1,0.19431566596031188,0,0.0,0.6113686680793762
0|0|tr|Q742T9|Q742T9_MYCPA,0.019304665364325048,0,0.0,0.9613906692713499
0|0|tr|A0A0M2Y6Y5|A0A0M2Y6Y5_BRUML,0.03912970330566168,0,0.0,0.9217405933886766
0|0|tr|A0A0H3PA96|A0A0H3PA96_CAMJJ,0.16904658302664757,0,0.0,0.6619068339467049
0|0|tr|A0A0H3PDN2|A0A0H3PDN2_CAMJJ,0.07731914538890124,0,0.0,0.8453617092221976
0|0|tr|A3NNR4|A3NNR4_BURP6,0.0657635722309351,0,0.0,0.8684728555381298
0|0|tr|A3NG79|A3NG79_BURP6,0.21340356692671775,0,0.0,0.5731928661465645
0|0|tr|A3NBM1|A3NBM1_BURP6,0.03912970330566168,0,0.0,0.9217405933886766
0|0|tr|A0A0C9N4S2|A0A0C9N4S2_LEGPN,0.04152688775211573,0,0.0,0.9169462244957686
0|0|tr|A0A0C9P2G6|A0A0C9P2G6_LEGPN,0.11008025966584682,0,0.0,0.7798394806683063
0|0|tr|Q9RDZ1|Q9RDZ1_LEGPN,0.06404082141816617,0,0.0,0.8719183571636677
0|0|tr|A0A0C9N4V7|A0A0C9N4V7_LEGPN,0.195550075173378,0,0.0,0.6088998496532441
0|0|tr|A0A0C9PGH7|A0A0C9PGH7_LEGPN,0.06408889833837747,0,0.0,0.871822203323245
0|0|tr|A0A0C9N7M5|A0A0C9N7M5_LEGPN,0.08412359282374382,0,0.0,0.8317528143525124
0|0|tr|B3H1T4|B3H1T4_ACTP7,0.3274558484554291,0,0.0,0.34508830308914185
0|0|tr|B3GY42|B3GY42_ACTP7,0.0842696214094758,0,0.0,0.8314607571810484
0|0|tr|B3GXU7|B3GXU7_ACTP7,0.22233279347419738,0,0.0,0.5553344130516052
0|0|tr|B3H012|B3H012_ACTP7,0.20198215544223785,0,0.0,0.5960356891155243
0|0|tr|D3EHA0|D3EHA0_GEOS4,0.0,0,0.0,1.0
0|0|tr|D3EKN9|D3EKN9_GEOS4,0.10875494815409184,0,0.0,0.7824901036918164
0|0|tr|D3EL09|D3EL09_GEOS4,0.020073896273970604,0,0.0,0.9598522074520588
0|0|tr|D3EJ82|D3EJ82_GEOS4,0.12313735280185938,0,0.0,0.7537252943962812
0|0|tr|D3EIM3|D3EIM3_GEOS4,0.08198914378881454,0,0.0,0.8360217124223709
0|0|tr|D3EHW7|D3EHW7_GEOS4,0.003846153989434242,0,0.0,0.9923076920211316
0|0|tr|D3E854|D3E854_GEOS4,0.04574064686894417,0,0.0,0.9085187062621116
0|0|tr|D3EBU8|D3EBU8_GEOS4,0.04770922288298607,0,0.0,0.9045815542340279
0|0|tr|D3ELM5|D3ELM5_GEOS4,0.003846153989434242,0,0.0,0.9923076920211316
0|0|tr|D3EFH5|D3EFH5_GEOS4,0.0564642334356904,0,0.0,0.8870715331286192
0|0|tr|D3EA70|D3EA70_GEOS4,0.013198482990264892,0,0.0,0.9736030340194702
0|0|tr|D3EKU7|D3EKU7_GEOS4,0.0735681476071477,0,0.0,0.8528637047857046
0|0|tr|D3E5G7|D3E5G7_GEOS4,0.07185308113694192,0,0.0,0.8562938377261162
0|0|tr|D3EJH7|D3EJH7_GEOS4,0.11040142923593521,0,0.0,0.7791971415281296
0|0|tr|D3EDS2|D3EDS2_GEOS4,0.2259230688214302,0,0.0,0.5481538623571396
0|0|tr|D3EIP1|D3EIP1_GEOS4,0.008692988567054272,0,0.0,0.9826140228658915
0|0|tr|D3E691|D3E691_GEOS4,0.024484152719378472,0,0.0,0.951031694561243
0|0|tr|D3EJA3|D3EJA3_GEOS4,0.03912970330566168,0,0.0,0.9217405933886766
0|0|tr|D3E8Y2|D3E8Y2_GEOS4,0.003846153989434242,0,0.0,0.9923076920211316
0|0|tr|D3EKT2|D3EKT2_GEOS4,0.04720497522503138,0,0.0,0.9055900495499373
0|0|tr|D3EC64|D3EC64_GEOS4,0.08745868634432555,0,0.0,0.825082627311349
0|0|tr|D3E8V0|D3E8V0_GEOS4,0.031543970480561255,0,0.0,0.9369120590388775
0|0|tr|D3EKQ3|D3EKQ3_GEOS4,0.03994043692946434,0,0.0,0.9201191261410713
0|0|tr|D3E8K7|D3E8K7_GEOS4,0.2707191690802574,0,0.0,0.4585616618394852
0|0|tr|D3E5B1|D3E5B1_GEOS4,0.01830398477613926,0,0.0,0.9633920304477215
0|0|tr|D3E6Y8|D3E6Y8_GEOS4,0.09669367149472237,0,0.0,0.8066126570105553
0|0|tr|D3E659|D3E659_GEOS4,0.059899565763771534,0,0.0,0.8802008684724569
0|0|tr|S4JKM5|S4JKM5_SALEN,0.09828380420804024,0,0.0,0.8034323915839195
0|0|tr|S4J2E7|S4J2E7_SALEN,0.11901496052742004,0,0.0,0.7619700789451599
0|0|tr|A0A0E0UZ55|A0A0E0UZ55_LISMM,0.003846153989434242,0,0.0,0.9923076920211316
0|0|tr|A0A0H2UZ88|A0A0H2UZ88_SHIFL,0.06408889833837747,0,0.0,0.871822203323245
0|0|tr|A0A0H4K725|A0A0H4K725_VIBCL,0.05216755624860525,0,0.0,0.8956648875027895
0|0|tr|A0A0H4K7B0|A0A0H4K7B0_VIBCL,0.10460970401763917,0,0.0,0.7907805919647217
0|0|tr|J1IXQ2|J1IXQ2_9RHIZ,0.030733236856758595,0,0.0,0.9385335262864828
0|0|tr|Q5WTA5|Q5WTA5_LEGPL,0.1277970105409622,0,0.0,0.7444059789180756
0|0|tr|A0A0H2ZF41|A0A0H2ZF41_PSEAB,0.06897835899144411,0,0.0,0.8620432820171118
0|0|tr|A0A0H2ZH41|A0A0H2ZH41_PSEAB,0.157999886572361,0,0.0,0.6840002268552781
0|0|tr|A0A0H2Z8A2|A0A0H2Z8A2_PSEAB,0.5025297820568084,1,0.0,0.0050595641136168545
0|0|tr|A0A0H2ZBY8|A0A0H2ZBY8_PSEAB,0.051440841145813467,0,0.0,0.897118317708373
0|0|tr|A0A0H2ZBZ9|A0A0H2ZBZ9_PSEAB,0.052046358957886694,0,0.0,0.8959072820842267
0|0|tr|D8A0P5|D8A0P5_ECOMS,0.059792221151292325,0,0.0,0.8804155576974153
0|0|tr|D8A8D3|D8A8D3_ECOMS,0.1344393938779831,0,0.0,0.7311212122440338
0|0|tr|A0A0T9W3D5|A0A0T9W3D5_SALTM,0.14846935719251633,0,0.0,0.7030612856149674
0|0|tr|A0A0T9WBT6|A0A0T9WBT6_SALTM,0.036026458442211154,0,0.0,0.9279470831155777
0|0|tr|A0A0H3LVF5|A0A0H3LVF5_BARQU,0.8059287786483764,1,0.0,0.6118575572967528
0|0|tr|A0KHM5|A0KHM5_AERHH,0.5159761369228363,1,0.0,0.03195227384567256
0|0|tr|A0KGU9|A0KGU9_AERHH,0.06055487785488367,0,0.0,0.8788902442902327
0|0|tr|A0KGI1|A0KGI1_AERHH,0.48562068939208985,0,0.0,0.02875862121582029
0|0|sp|A0KQR3|TRMA_AERHH,0.04569256994873285,0,0.0,0.9086148601025343
0|0|tr|A0KHP2|A0KHP2_AERHH,0.0902746345847845,0,0.0,0.819450730830431
0|0|tr|A0KF52|A0KF52_AERHH,0.2945359170436859,0,0.0,0.41092816591262815
0|0|tr|A0KQT0|A0KQT0_AERHH,0.6101932406425477,1,0.0,0.2203864812850953
0|0|tr|A0KN52|A0KN52_AERHH,0.24066473543643951,0,0.0,0.518670529127121
0|0|tr|A0KJL9|A0KJL9_AERHH,0.0735681476071477,0,0.0,0.8528637047857046
0|0|tr|A0KQT7|A0KQT7_AERHH,0.3413011997938156,0,0.0,0.31739760041236875
0|0|sp|A0KNE2|RBFA_AERHH,0.08815342262387275,0,0.0,0.8236931547522545
0|0|tr|A0KNM8|A0KNM8_AERHH,0.09124113861471414,0,0.0,0.8175177227705717
0|0|tr|A0KR25|A0KR25_AERHH,0.046503303572535515,0,0.0,0.906993392854929
0|0|tr|A0A0E1XLM8|A0A0E1XLM8_STAAU,0.030733236856758595,0,0.0,0.9385335262864828
0|0|tr|A0A0E1XLS8|A0A0E1XLS8_STAAU,0.038449964672327044,0,0.0,0.9231000706553459
0|0|tr|A0A0E1X855|A0A0E1X855_STAAU,0.09771002773195506,0,0.0,0.8045799445360899
0|0|tr|A0A0E1X997|A0A0E1X997_STAAU,0.04087329301983118,0,0.0,0.9182534139603377
0|0|tr|D0B776|D0B776_BRUME,0.016227742284536363,0,0.0,0.9675445154309272
0|0|tr|A0A0H3KDT7|A0A0H3KDT7_STAAE,0.6833678901195526,1,0.0,0.36673578023910514
0|0|tr|I6EEF5|I6EEF5_SHIBO,0.050786145962774754,0,0.0,0.8984277080744505
0|0|tr|I6DWS7|I6DWS7_SHIBO,0.02765631377696991,0,0.0,0.9446873724460602
0|0|tr|A0A0E0SXU6|A0A0E0SXU6_ECOLX,0.05492108110338449,0,0.0,0.890157837793231
0|0|tr|A0A0E0U898|A0A0E0U898_ECOLX,0.06135369408875704,0,0.0,0.877292611822486
0|0|tr|A0A0E2ZIN1|A0A0E2ZIN1_FRATU,0.04168402664363384,0,0.0,0.9166319467127323
0|0|tr|A0A0H3NQ00|A0A0H3NQ00_YERE1,0.06060295477509499,0,0.0,0.87879409044981
0|0|tr|A0A0H3NPQ3|A0A0H3NPQ3_YERE1,0.451351398229599,0,0.0,0.09729720354080196
0|0|tr|A0A0H3NMA1|A0A0H3NMA1_YERE1,0.5368462324142456,1,0.0,0.07369246482849112
0|0|tr|A0A0H3NKE8|A0A0H3NKE8_YERE1,0.03287730384618044,0,0.0,0.9342453923076391
0|0|tr|A0A0H3NWD5|A0A0H3NWD5_YERE1,0.19316465109586717,0,0.0,0.6136706978082657
0|0|tr|A0A0M2AQR7|A0A0M2AQR7_ENTFL,0.09139983169734478,0,0.0,0.8172003366053104
0|0|tr|A0A0M2ATN7|A0A0M2ATN7_ENTFL,0.05845888778567314,0,0.0,0.8830822244286537
0|0|tr|C0PYK2|C0PYK2_SALPC,0.22969266772270203,0,0.0,0.540614664554596
0|0|tr|C0Q5U8|C0Q5U8_SALPC,0.0564642334356904,0,0.0,0.8870715331286192
0|0|tr|B1KTR4|B1KTR4_CLOBM,0.055375934578478336,0,0.0,0.8892481308430433
0|0|tr|B1KS34|B1KS34_CLOBM,0.20969390496611595,0,0.0,0.5806121900677681
0|0|tr|B1L0P3|B1L0P3_CLOBM,0.040876056998968124,0,0.0,0.9182478860020638
0|0|tr|B1KYN5|B1KYN5_CLOBM,0.10993246249854564,0,0.0,0.7801350750029087
0|0|tr|B1KZ23|B1KZ23_CLOBM,0.20474097728729249,0,0.0,0.5905180454254151
0|0|tr|B4U314|B4U314_STREM,0.056416156515479085,0,0.0,0.8871676869690418
0|0|tr|B4U461|B4U461_STREM,0.050786145962774754,0,0.0,0.8984277080744505
0|0|tr|B4U0U2|B4U0U2_STREM,0.039783298037946224,0,0.0,0.9204334039241076
0|0|tr|B4U577|B4U577_STREM,0.0,0,0.0,1.0
0|0|tr|B4U3N0|B4U3N0_STREM,0.2023819401860237,0,0.0,0.5952361196279525
0|0|tr|B4U369|B4U369_STREM,0.06626083198934793,0,0.0,0.8674783360213041
0|0|tr|A0A0B6D2K6|A0A0B6D2K6_FRATU,0.12597517818212509,0,0.0,0.7480496436357498
0|0|tr|A0A0B6CST8|A0A0B6CST8_FRATU,0.04168402664363384,0,0.0,0.9166319467127323
0|0|tr|A0A0B6E6D9|A0A0B6E6D9_FRATU,0.005616065487265587,0,0.0,0.9887678690254689
0|0|tr|A0A0B3VPT2|A0A0B3VPT2_FRATU,0.06867868695408105,0,0.0,0.8626426260918378
0|0|tr|A0A0F6C9Y0|A0A0F6C9Y0_ECOLX,0.17349727004766463,0,0.0,0.6530054599046707
0|0|tr|D5AWB0|D5AWB0_RICPP,0.16914576441049575,0,0.0,0.6617084711790084
0|0|tr|D5AX25|D5AX25_RICPP,0.06055487785488367,0,0.0,0.8788902442902327
0|0|tr|D5AWW0|D5AWW0_RICPP,0.0377963699400425,0,0.0,0.924407260119915
0|0|tr|D5AWJ1|D5AWJ1_RICPP,0.17756930813193322,0,0.0,0.6448613837361336
0|0|tr|D5AX13|D5AX13_RICPP,0.13018543198704718,0,0.0,0.7396291360259056
0|0|tr|Q5ZWJ3|Q5ZWJ3_LEGPH,0.030733236856758595,0,0.0,0.9385335262864828
0|0|tr|Q5ZZ55|Q5ZZ55_LEGPH,0.052978289872407915,0,0.0,0.8940434202551841
0|0|tr|G7ZT85|G7ZT85_9STAP,0.1441185787320137,0,0.0,0.7117628425359726
0|0|tr|A1URL1|A1URL1_BARBK,0.22192471623420715,0,0.0,0.5561505675315856
0|0|sp|O82881|LSOA_ECO57,0.8234156131744385,1,0.0,0.6468312263488769
0|0|tr|A0A0E8UJF0|A0A0E8UJF0_MYCTX,0.26295228600502013,0,0.0,0.47409542798995974
0|0|tr|B2HDN5|B2HDN5_MYCMM,0.03206657022237778,0,0.0,0.9358668595552444
0|0|tr|B2HL76|B2HL76_MYCMM,0.00547463521361351,0,0.0,0.989050729572773
0|0|tr|B2HKZ3|B2HKZ3_MYCMM,0.023644034191966055,0,0.0,0.9527119316160679
0|0|tr|B2HQD5|B2HQD5_MYCMM,0.014457830786705017,0,0.0,0.9710843384265899
0|0|tr|B2HN52|B2HN52_MYCMM,0.020073896273970604,0,0.0,0.9598522074520588
0|0|tr|B2HMW2|B2HMW2_MYCMM,0.014457830786705017,0,0.0,0.9710843384265899
0|0|tr|B2HJY6|B2HJY6_MYCMM,0.014457830786705017,0,0.0,0.9710843384265899
0|0|tr|B2HGN5|B2HGN5_MYCMM,0.08532043248414993,0,0.0,0.8293591350317001
0|0|tr|B2HFZ5|B2HFZ5_MYCMM,0.028828906826674938,0,0.0,0.9423421863466501
0|0|tr|B2HPX6|B2HPX6_MYCMM,0.02292761467397213,0,0.0,0.9541447706520557
0|0|tr|B2HLM6|B2HLM6_MYCMM,0.014457830786705017,0,0.0,0.9710843384265899
0|0|tr|B2HRX7|B2HRX7_MYCMM,0.020686075650155546,0,0.0,0.9586278486996889
0|0|tr|B2HJZ0|B2HJZ0_MYCMM,0.014457830786705017,0,0.0,0.9710843384265899
0|0|tr|B2HR74|B2HR74_MYCMM,0.13559129536151887,0,0.0,0.7288174092769623
0|0|tr|B2HHW6|B2HHW6_MYCMM,0.1082313671708107,0,0.0,0.7835372656583786
0|0|tr|B2HJ00|B2HJ00_MYCMM,0.07012543082237244,0,0.0,0.8597491383552551
0|0|tr|B2HLR7|B2HLR7_MYCMM,0.0,0,0.0,1.0
0|0|tr|B2HPX8|B2HPX8_MYCMM,0.1830550268292427,0,0.0,0.6338899463415146
0|0|tr|Q57Q61|Q57Q61_SALCH,0.04087329301983118,0,0.0,0.9182534139603377
0|0|tr|Q0SRJ6|Q0SRJ6_CLOPS,0.03910338152199984,0,0.0,0.9217932369560004
0|0|tr|Q0SPV5|Q0SPV5_CLOPS,0.02333853915333748,0,0.0,0.953322921693325
0|0|tr|D8B6G2|D8B6G2_ECOLX,0.7399003386497498,1,0.0,0.4798006772994996
0|0|tr|D5T8C6|D5T8C6_LEGP2,0.21894630044698715,0,0.0,0.5621073991060257
0|0|tr|D5TAD5|D5TAD5_LEGP2,0.02765631377696991,0,0.0,0.9446873724460602
0|0|tr|A0A0D0NMZ0|A0A0D0NMZ0_ECOLX,0.20488803684711457,0,0.0,0.5902239263057709
0|0|tr|A0A0E1D4P0|A0A0E1D4P0_SALEN,0.04225470330566168,0,0.0,0.9154905933886767
0|0|tr|A0A0T9SN13|A0A0T9SN13_YEREN,0.07981343492865563,0,0.0,0.8403731301426888
0|0|tr|A0A0H3GF36|A0A0H3GF36_LISM4,0.35490286648273467,0,0.0,0.29019426703453066
0|0|tr|A0A0H3LCQ5|A0A0H3LCQ5_MYCTE,0.02765631377696991,0,0.0,0.9446873724460602
0|0|tr|A0A0H3LKP4|A0A0H3LKP4_MYCTE,0.07988820485770702,0,0.0,0.8402235902845859
0|0|tr|G2Z9Z4|G2Z9Z4_LISIP,0.4467103660106659,0,0.0,0.10657926797866824
0|0|tr|Q8Z6V9|Q8Z6V9_SALTI,0.33870608657598494,0,0.0,0.3225878268480301
0|0|tr|Q8Z2P7|Q8Z2P7_SALTI,0.03206657022237778,0,0.0,0.9358668595552444
0|0|tr|Q9L5T7|Q9L5T7_SALTI,0.19856332764029502,0,0.0,0.6028733447194099
0|0|tr|B5ZA42|B5ZA42_HELPG,0.471531018614769,0,0.0,0.056937962770462036
0|0|tr|B5Z6U6|B5Z6U6_HELPG,0.07795885056257248,0,0.0,0.8440822988748551
0|0|tr|B5Z9N3|B5Z9N3_HELPG,0.09163872599601745,0,0.0,0.8167225480079651
0|0|sp|B5Z7V2|RLMH_HELPG,0.1399468593299389,0,0.0,0.7201062813401222
0|0|tr|Q3JFR7|Q3JFR7_BURP1,0.0,0,0.0,1.0
0|0|tr|Q3JKC1|Q3JKC1_BURP1,0.003846153989434242,0,0.0,0.9923076920211316
0|0|tr|Q3JNP6|Q3JNP6_BURP1,0.02323919115588069,0,0.0,0.9535216176882386
0|0|tr|Q8D1H5|Q8D1H5_YERPE,0.05159687958657742,0,0.0,0.8968062408268451
0|0|tr|A0A0H3LM69|A0A0H3LM69_BORBR,0.021568627655506135,0,0.0,0.9568627446889877
0|0|tr|A0A0H3LP20|A0A0H3LP20_BORBR,0.11483369246125222,0,0.0,0.7703326150774956
0|0|tr|A0A0H3LKD2|A0A0H3LKD2_BORBR,0.41488516330718994,0,0.0,0.17022967338562012
0|0|tr|A0A0H3LJ90|A0A0H3LJ90_BORBR,0.16635208278894426,0,0.0,0.6672958344221115
0|0|tr|A0A0H3LIU9|A0A0H3LIU9_BORBR,0.07514263782650232,0,0.0,0.8497147243469954
0|0|tr|A0A0H3LRP4|A0A0H3LRP4_BORBR,0.3146121293306351,0,0.0,0.3707757413387298
0|0|tr|A0A0H3LQK6|A0A0H3LQK6_BORBR,0.06751797292381526,0,0.0,0.8649640541523695
0|0|tr|A0A0H3LNP7|A0A0H3LNP7_BORBR,0.07919226754456758,0,0.0,0.8416154649108648
0|0|tr|A0A0H3LLE6|A0A0H3LLE6_BORBR,0.2431144341826439,0,0.0,0.5137711316347122
0|0|tr|A0A0H3LLD3|A0A0H3LLD3_BORBR,0.052978289872407915,0,0.0,0.8940434202551841
0|0|tr|A0A0H3LNL7|A0A0H3LNL7_BORBR,0.08049621526151896,0,0.0,0.8390075694769621
0|0|tr|A0A0H3LYI2|A0A0H3LYI2_BORBR,0.003846153989434242,0,0.0,0.9923076920211316
0|0|tr|A0A0H3LP44|A0A0H3LP44_BORBR,0.04569256994873285,0,0.0,0.9086148601025343
0|0|tr|A0A0H3LXI4|A0A0H3LXI4_BORBR,0.2958212226629257,0,0.0,0.4083575546741486
0|0|tr|A0A0H3LT29|A0A0H3LT29_BORBR,0.04225470330566168,0,0.0,0.9154905933886767
0|0|tr|A0A0H3LLI1|A0A0H3LLI1_BORBR,0.03041721973568201,0,0.0,0.939165560528636
0|0|tr|B3X0E0|B3X0E0_9ENTR,0.08809491321444511,0,0.0,0.8238101735711097
0|0|tr|Q891Z4|Q891Z4_CLOTE,0.20474097728729249,0,0.0,0.5905180454254151
0|0|tr|Q896X4|Q896X4_CLOTE,0.045939311385154724,0,0.0,0.9081213772296906
0|0|tr|Q896J1|Q896J1_CLOTE,0.07422496099025011,0,0.0,0.8515500780194998
0|0|tr|Q895G6|Q895G6_CLOTE,0.15814694613218308,0,0.0,0.6837061077356339
0|0|tr|Q896N2|Q896N2_CLOTE,0.05560542289167643,0,0.0,0.8887891542166472
0|0|tr|Q895D6|Q895D6_CLOTE,0.005616065487265587,0,0.0,0.9887678690254689
0|0|tr|Q896Q7|Q896Q7_CLOTE,0.07422496099025011,0,0.0,0.8515500780194998
0|0|tr|A0A072YPL8|A0A072YPL8_9CLOT,0.15805251523852348,0,0.0,0.683894969522953
0|0|tr|A0A072Y8U3|A0A072Y8U3_9CLOT,0.0377963699400425,0,0.0,0.924407260119915
0|0|tr|A0A072YE93|A0A072YE93_9CLOT,0.07195532619953156,0,0.0,0.8560893476009369
0|0|tr|A0A072YKW5|A0A072YKW5_9CLOT,0.504564106464386,1,0.0,0.009128212928771973
0|0|tr|A0A072YBJ5|A0A072YBJ5_9CLOT,0.05216755624860525,0,0.0,0.8956648875027895
0|0|tr|A0A072YQL3|A0A072YQL3_9CLOT,0.0575680784881115,0,0.0,0.884863843023777
0|0|tr|A0A072YGV7|A0A072YGV7_9CLOT,0.003846153989434242,0,0.0,0.9923076920211316
0|0|tr|A0A072Y3H2|A0A072Y3H2_9CLOT,0.05211947932839393,0,0.0,0.8957610413432121
0|0|tr|A0A0E1EZ96|A0A0E1EZ96_CAMJU,0.3525266766548157,0,0.0,0.29494664669036863
0|0|tr|A4SIA1|A4SIA1_AERS4,0.08801009133458138,0,0.0,0.8239798173308372
0|0|tr|A4SMJ6|A4SMJ6_AERS4,0.1847173310816288,0,0.0,0.6305653378367424
0|0|tr|A4SM73|A4SM73_AERS4,0.2725115820765495,0,0.0,0.45497683584690096
0|0|tr|A4SMJ1|A4SMJ1_AERS4,0.04220662638545036,0,0.0,0.9155867472290993
0|0|tr|A4SU39|A4SU39_AERS4,0.33498777747154235,0,0.0,0.3300244450569153
0|0|tr|C4IW35|C4IW35_BRUAO,0.031543970480561255,0,0.0,0.9369120590388775
0|0|tr|E0EM89|E0EM89_ACTPL,0.37273335456848145,0,0.0,0.2545332908630371
0|0|tr|E0EIY0|E0EIY0_ACTPL,0.25293459445238115,0,0.0,0.4941308110952377
0|0|tr|A0A0H3J2E9|A0A0H3J2E9_LISMN,0.003846153989434242,0,0.0,0.9923076920211316
0|0|sp|Q6G2J9|MNMA_BARHE,0.11051986888051032,0,0.0,0.7789602622389793
0|0|tr|A0A0H3C4D6|A0A0H3C4D6_BORBZ,0.11285068169236183,0,0.0,0.7742986366152763
0|0|tr|A0A0H3C2X4|A0A0H3C2X4_BORBZ,0.3073955923318863,0,0.0,0.3852088153362274
0|0|tr|A0A0H3C323|A0A0H3C323_BORBZ,0.003846153989434242,0,0.0,0.9923076920211316
0|0|tr|A0A0H3C260|A0A0H3C260_BORBZ,0.3804552674293518,0,0.0,0.23908946514129636
0|0|tr|A0A0H3C2Y2|A0A0H3C2Y2_BORBZ,0.02222222238779068,0,0.0,0.9555555552244186
0|0|tr|G8UXI1|G8UXI1_LEGPN,0.14321596026420594,0,0.0,0.7135680794715882
0|0|tr|G8UR68|G8UR68_LEGPN,0.14621615707874297,0,0.0,0.7075676858425141
0|0|tr|B1R425|B1R425_CLOPF,0.031481480598449706,0,0.0,0.9370370388031006
0|0|tr|B1R7H0|B1R7H0_CLOPF,0.052978289872407915,0,0.0,0.8940434202551841
0|0|tr|Q7VUT9|Q7VUT9_BORPE,0.7142235994338989,1,0.0,0.4284471988677978
0|0|tr|Q7VVW6|Q7VVW6_BORPE,0.028989647142589094,0,0.0,0.9420207057148218
0|0|tr|Q81ZD8|Q81ZD8_BACAN,0.3751012057065964,0,0.0,0.24979758858680723
0|0|tr|Q9RMZ3|Q9RMZ3_BACAN,0.1062327528372407,0,0.0,0.7875344943255186
0|0|tr|Q81RX2|Q81RX2_BACAN,0.020073896273970604,0,0.0,0.9598522074520588
0|0|sp|Q81QD4|SP2SB_BACAN,0.08408172819763422,0,0.0,0.8318365436047316
0|0|tr|Q81XH7|Q81XH7_BACAN,0.045463081635534766,0,0.0,0.9090738367289305
0|0|tr|Q81RM3|Q81RM3_BACAN,0.25823629051446917,0,0.0,0.48352741897106166
0|0|tr|Q81LT1|Q81LT1_BACAN,0.10864522103220224,0,0.0,0.7827095579355955
0|0|tr|Q6EZN2|Q6EZN2_BACAN,0.061054022051393986,0,0.0,0.877891955897212
0|0|tr|Q81RG7|Q81RG7_BACAN,0.003846153989434242,0,0.0,0.9923076920211316
0|0|tr|Q81PR8|Q81PR8_BACAN,0.054604886844754216,0,0.0,0.8907902263104915
0|0|tr|A0A0H3M1N1|A0A0H3M1N1_MYCBP,0.04655138049274683,0,0.0,0.9068972390145064
0|0|tr|A0A0C8THA0|A0A0C8THA0_SALTI,0.33166219890117643,0,0.0,0.33667560219764714
0|0|tr|Q9A0Q1|Q9A0Q1_STRP1,0.3416357934474945,0,0.0,0.316728413105011
0|0|tr|Q83EM5|Q83EM5_COXBU,0.2950042963027954,0,0.0,0.4099914073944092
0|0|tr|Q83AB3|Q83AB3_COXBU,0.540908932685852,1,0.0,0.0818178653717041
0|0|tr|Q83A31|Q83A31_COXBU,0.1482160896062851,0,0.0,0.7035678207874299
0|0|tr|H7C7D5|H7C7D5_COXBU,0.12531836479902267,0,0.0,0.7493632704019546
0|0|tr|Q83C62|Q83C62_COXBU,0.27039327323436735,0,0.0,0.4592134535312653
0|0|tr|A0A0H2UVX2|A0A0H2UVX2_STRP3,0.025886402279138566,0,0.0,0.9482271954417228
0|0|tr|Q8YE04|Q8YE04_BRUME,0.18535981476306915,0,0.0,0.6292803704738616
0|0|tr|B1I923|B1I923_STRPI,0.003846153989434242,0,0.0,0.9923076920211316
0|0|tr|B6JMC5|B6JMC5_HELP2,0.06060295477509499,0,0.0,0.87879409044981
0|0|tr|B0BT81|B0BT81_ACTPJ,0.3246340438723564,0,0.0,0.3507319122552872
0|0|tr|O24906|O24906_HELPY,0.14147915616631507,0,0.0,0.7170416876673699
0|0|tr|A0A0H3MP78|A0A0H3MP78_MYCLB,0.10713054239749908,0,0.0,0.7857389152050018
0|0|tr|A0A0B8R8T0|A0A0B8R8T0_LISMN,0.035693708807229996,0,0.0,0.92861258238554
0|0|tr|A0A0B8RFK8|A0A0B8RFK8_LISMN,0.18313202559947966,0,0.0,0.6337359488010407
0|0|tr|C1C725|C1C725_STRP7,0.4858571499586105,0,0.0,0.028285700082778975
0|0|tr|A3N1K8|A3N1K8_ACTP2,0.04087329301983118,0,0.0,0.9182534139603377
0|0|tr|V4MTF3|V4MTF3_PASMD,0.1154711477458477,0,0.0,0.7690577045083046
0|0|tr|V4NCA4|V4NCA4_PASMD,0.6251536011695862,1,0.0,0.25030720233917236
0|0|tr|V4N726|V4N726_PASMD,0.2286665841937065,0,0.0,0.542666831612587
0|0|sp|Q9CKY6|Y1464_PASMU,0.2027703583240509,0,0.0,0.5944592833518982
0|0|tr|A0A0E9GZ24|A0A0E9GZ24_STREE,0.1882174402475357,0,0.0,0.6235651195049285
0|0|tr|A0A0E9GUY0|A0A0E9GUY0_STREE,0.5378718733787536,1,0.0,0.07574374675750728
0|0|tr|A0A0E1RWG3|A0A0E1RWG3_CAMJU,0.0529302129521966,0,0.0,0.8941395740956068
0|0|tr|A0A0E1RVG3|A0A0E1RVG3_CAMJU,0.11672177985310554,0,0.0,0.7665564402937889
0|0|tr|O51771|O51771_BORBU,0.030733236856758595,0,0.0,0.9385335262864828
0|0|sp|O51144|Y117_BORBU,0.06060295477509499,0,0.0,0.87879409044981
0|0|tr|Q7NAT6|Q7NAT6_MYCGA,0.059792221151292325,0,0.0,0.8804155576974153
0|0|sp|P75427|Y351_MYCPN,0.0377963699400425,0,0.0,0.924407260119915
0|0|sp|P75399|Y383_MYCPN,0.0377963699400425,0,0.0,0.924407260119915
0|0|sp|P75268|ESL3_MYCPN,0.3828867435455322,0,0.0,0.2342265129089356
0|0|sp|P75087|Y027_MYCPN,0.2554431363940239,0,0.0,0.48911372721195223
0|0|sp|Q8K9D5|FTSB_BUCAP,0.34965498745441437,0,0.0,0.30069002509117126
